"declaring_file","declaring_line","module_name","separated_file","separated_lines","crate","area"
"crates/areka-emo-atlas/src/lib.rs","199","emo2_e2e","crates/areka-emo-atlas/src/emo2_e2e.rs","352","areka-emo-atlas","src"
"crates/areka-emo-atlas/src/lib.rs","203","emo2_golden","crates/areka-emo-atlas/src/emo2_golden.rs","238","areka-emo-atlas","src"
"crates/areka-emo-atlas/src/lib.rs","208","log_capture","crates/areka-emo-atlas/src/log_capture.rs","104","areka-emo-atlas","src"
"crates/areka-emo-compose/src/lib.rs","166","log_capture","crates/areka-emo-compose/src/log_capture.rs","104","areka-emo-compose","src"
"crates/areka-emo-compose/src/lib.rs","169","golden_tests","crates/areka-emo-compose/src/golden_tests.rs","1356","areka-emo-compose","src"
"crates/areka-emo-compose/src/lib.rs","172","composer_tests","crates/areka-emo-compose/src/composer_tests.rs","703","areka-emo-compose","src"
"crates/areka-emo-compose/src/lib.rs","175","log_firing_tests","crates/areka-emo-compose/src/log_firing_tests.rs","664","areka-emo-compose","src"
"crates/areka-ghost/src/lib.rs","40","test_log_capture","crates/areka-ghost/src/test_log_capture.rs","181","areka-ghost","src"
"crates/areka-kanade/src/schedule/mod.rs","31","log_capture","crates/areka-kanade/src/schedule/log_capture.rs","274","areka-kanade","src"
"crates/areka-parsers/src/balloon/mod.rs","13","model_tests","crates/areka-parsers/src/balloon/model_tests.rs","465","areka-parsers","src"
"crates/areka-parsers/src/balloon/mod.rs","16","parse_tests","crates/areka-parsers/src/balloon/parse_tests.rs","256","areka-parsers","src"
"crates/areka-parsers/src/balloon/mod.rs","19","validation_tests","crates/areka-parsers/src/balloon/validation_tests.rs","196","areka-parsers","src"
"crates/areka-parsers/src/charset/mod.rs","13","model_tests","crates/areka-parsers/src/charset/model_tests.rs","64","areka-parsers","src"
"crates/areka-parsers/src/charset/mod.rs","18","prescan_tests","crates/areka-parsers/src/charset/prescan_tests.rs","88","areka-parsers","src"
"crates/areka-parsers/src/charset/mod.rs","23","decode_tests","crates/areka-parsers/src/charset/decode_tests.rs","113","areka-parsers","src"
"crates/areka-parsers/src/charset/mod.rs","26","validation_tests","crates/areka-parsers/src/charset/validation_tests.rs","98","areka-parsers","src"
"crates/areka-parsers/src/kv/mod.rs","11","parse_tests","crates/areka-parsers/src/kv/parse_tests.rs","70","areka-parsers","src"
"crates/areka-parsers/src/kv/mod.rs","14","validation_tests","crates/areka-parsers/src/kv/validation_tests.rs","39","areka-parsers","src"
"crates/areka-parsers/src/package/mod.rs","20","model_tests","crates/areka-parsers/src/package/model_tests.rs","179","areka-parsers","src"
"crates/areka-parsers/src/package/mod.rs","24","resolve_tests","crates/areka-parsers/src/package/resolve_tests.rs","313","areka-parsers","src"
"crates/areka-parsers/src/package/mod.rs","27","validation_tests","crates/areka-parsers/src/package/validation_tests.rs","236","areka-parsers","src"
"crates/areka-parsers/src/sakura/mod.rs","14","model_tests","crates/areka-parsers/src/sakura/model_tests.rs","153","areka-parsers","src"
"crates/areka-parsers/src/sakura/mod.rs","19","lexer_tests","crates/areka-parsers/src/sakura/lexer_tests.rs","455","areka-parsers","src"
"crates/areka-parsers/src/sakura/mod.rs","24","decode_tests","crates/areka-parsers/src/sakura/decode_tests.rs","586","areka-parsers","src"
"crates/areka-parsers/src/sakura/mod.rs","29","parse_tests","crates/areka-parsers/src/sakura/parse_tests.rs","95","areka-parsers","src"
"crates/areka-parsers/src/sakura/mod.rs","32","validation_tests","crates/areka-parsers/src/sakura/validation_tests.rs","418","areka-parsers","src"
"crates/areka-parsers/src/shell/mod.rs","18","model_tests","crates/areka-parsers/src/shell/model_tests.rs","240","areka-parsers","src"
"crates/areka-parsers/src/shell/mod.rs","23","lexer_tests","crates/areka-parsers/src/shell/lexer_tests.rs","276","areka-parsers","src"
"crates/areka-parsers/src/shell/mod.rs","28","decode_tests","crates/areka-parsers/src/shell/decode_tests.rs","1395","areka-parsers","src"
"crates/areka-parsers/src/shell/mod.rs","33","parse_tests","crates/areka-parsers/src/shell/parse_tests.rs","230","areka-parsers","src"
"crates/areka-parsers/src/shell/mod.rs","36","validation_tests","crates/areka-parsers/src/shell/validation_tests.rs","639","areka-parsers","src"
"crates/areka-sylphya/src/lib.rs","49","ledger_key_determinism_tests","crates/areka-sylphya/src/ledger_key_determinism_tests.rs","257","areka-sylphya","src"
"crates/areka-sylphya/src/lib.rs","55","test_log_capture","crates/areka-sylphya/src/test_log_capture.rs","150","areka-sylphya","src"
"crates/areka-talk/src/lib.rs","117","tests","crates/areka-talk/src/tests.rs","437","areka-talk","src"
"crates/areka/src/emo2_boot/mod.rs","30","spine","crates/areka/src/emo2_boot/spine.rs","2503","areka","src"
"crates/areka/src/main.rs","74","shiori_e2e_tests","crates/areka/src/shiori_e2e_tests.rs","186","areka","src"
"crates/areka/src/main.rs","80","shiori_lifecycle_e2e_tests","crates/areka/src/shiori_lifecycle_e2e_tests.rs","199","areka","src"
"crates/areka/src/main.rs","87","shiori_reference_e2e_tests","crates/areka/src/shiori_reference_e2e_tests.rs","329","areka","src"
"crates/areka/src/placement/mod.rs","35","test_support","crates/areka/src/placement/test_support.rs","195","areka","src"
"crates/dola/src/runtime/instance_manager/mod.rs","256","tests","crates/dola/src/runtime/instance_manager/tests.rs","410","dola","src"
"crates/dola/src/runtime/interpolator/mod.rs","203","tests","crates/dola/src/runtime/interpolator/tests.rs","539","dola","src"
"crates/dola/src/runtime/loop_controller/mod.rs","184","tests","crates/dola/src/runtime/loop_controller/tests.rs","441","dola","src"
"crates/dola/src/runtime/subscription_manager/mod.rs","189","tests","crates/dola/src/runtime/subscription_manager/tests.rs","333","dola","src"
"crates/dola/src/runtime/timeline_manager/mod.rs","350","tests","crates/dola/src/runtime/timeline_manager/tests.rs","468","dola","src"
"crates/wintf/src/ecs/drag/state/mod.rs","539","tests","crates/wintf/src/ecs/drag/state/tests.rs","499","wintf","src"
"crates/wintf/src/ecs/graphics/mod.rs","19","tests","crates/wintf/src/ecs/graphics/tests.rs","145","wintf","src"
"crates/wintf/src/ecs/layout/hit_region/mod.rs","512","tests","crates/wintf/src/ecs/layout/hit_region/tests/mod.rs","10","wintf","src"
"crates/wintf/src/ecs/layout/hit_test/mod.rs","603","tests","crates/wintf/src/ecs/layout/hit_test/tests.rs","333","wintf","src"
"crates/wintf/src/ecs/layout/hit_test/mod.rs","606","tests_ex","crates/wintf/src/ecs/layout/hit_test/tests_ex/mod.rs","22","wintf","src"
"crates/wintf/src/ecs/mod.rs","9","test_support","crates/wintf/src/ecs/test_support.rs","115","wintf","src"
"crates/wintf/src/ecs/pointer/dispatch/mod.rs","259","tests","crates/wintf/src/ecs/pointer/dispatch/tests.rs","355","wintf","src"
"crates/wintf/src/ecs/pointer/types/mod.rs","371","tests","crates/wintf/src/ecs/pointer/types/tests.rs","319","wintf","src"
"crates/wintf/src/ecs/widget/bitmap_source/mod.rs","20","tests","crates/wintf/src/ecs/widget/bitmap_source/tests.rs","227","wintf","src"
"crates/wintf/src/ecs/widget/text/typewriter/mod.rs","337","tests","crates/wintf/src/ecs/widget/text/typewriter/tests.rs","263","wintf","src"
"crates/wintf/src/ecs/window/window_pos/mod.rs","451","tests","crates/wintf/src/ecs/window/window_pos/tests.rs","267","wintf","src"
