"path","crate","area","total_lines","test_lines","body_lines","module_count","decl_count","nonmod_count","inline_attr","loose_cfg","modules","declarations","nonmod_lines"
"crates/areka-actor/src/lib.rs","areka-actor","src","94","0","94","0","0","0","0","0","","",""
"crates/areka-actor/src/reply.rs","areka-actor","src","156","75","81","1","0","0","0","0","tests:82-156(75)","",""
"crates/areka-actor/src/spawn.rs","areka-actor","src","298","132","166","1","0","0","0","0","tests:167-298(132)","",""
"crates/areka-actor/src/ui.rs","areka-actor","src","248","63","185","1","0","0","0","0","tests:186-248(63)","",""
"crates/areka-actor/tests/spike_ui_pump.rs","areka-actor","tests","173","0","173","0","0","0","0","0","","",""
"crates/areka-actor/tests/toy_ui_pump_test.rs","areka-actor","tests","195","0","195","0","0","0","0","0","","",""
"crates/areka-actor/tests/toy_worker_test.rs","areka-actor","tests","258","0","258","0","0","0","0","0","","",""
"crates/areka-emo-atlas/src/bake.rs","areka-emo-atlas","src","388","250","138","1","0","0","0","0","tests:139-388(250)","",""
"crates/areka-emo-atlas/src/decode.rs","areka-emo-atlas","src","230","96","134","1","0","0","0","0","tests:135-230(96)","",""
"crates/areka-emo-atlas/src/decode/wic_arm.rs","areka-emo-atlas","src","259","113","146","1","0","0","0","0","tests:147-259(113)","",""
"crates/areka-emo-atlas/src/emo2_e2e.rs","areka-emo-atlas","src","352","0","352","0","0","0","0","0","","",""
"crates/areka-emo-atlas/src/emo2_golden.rs","areka-emo-atlas","src","238","0","238","0","0","0","0","0","","",""
"crates/areka-emo-atlas/src/error.rs","areka-emo-atlas","src","62","0","62","0","0","0","0","0","","",""
"crates/areka-emo-atlas/src/lib.rs","areka-emo-atlas","src","559","349","210","1","3","0","0","0","bake_entry_tests:211-559(349)","emo2_e2e@199|emo2_golden@203|log_capture@208",""
"crates/areka-emo-atlas/src/log_capture.rs","areka-emo-atlas","src","104","37","67","1","0","0","0","0","tests:68-104(37)","",""
"crates/areka-emo-atlas/src/manifest.rs","areka-emo-atlas","src","340","212","128","1","0","0","0","0","tests:129-340(212)","",""
"crates/areka-emo-atlas/src/normalize.rs","areka-emo-atlas","src","303","137","166","1","0","0","0","0","tests:167-303(137)","",""
"crates/areka-emo-atlas/src/pack.rs","areka-emo-atlas","src","440","224","216","1","0","0","0","0","tests:217-440(224)","",""
"crates/areka-emo-atlas/src/table.rs","areka-emo-atlas","src","303","118","185","1","0","0","0","0","tests:186-303(118)","",""
"crates/areka-emo-atlas/src/trim.rs","areka-emo-atlas","src","376","244","132","1","0","0","0","0","tests:133-376(244)","",""
"crates/areka-emo-atlas/tests/atlas.rs","areka-emo-atlas","tests","10","0","10","0","0","0","0","0","","",""
"crates/areka-emo-compose/src/atlas_bind.rs","areka-emo-compose","src","281","226","55","1","0","0","0","0","tests:56-281(226)","",""
"crates/areka-emo-compose/src/bind.rs","areka-emo-compose","src","67","28","39","1","0","0","0","0","tests:40-67(28)","",""
"crates/areka-emo-compose/src/blit.rs","areka-emo-compose","src","561","397","164","1","0","0","0","0","tests:165-561(397)","",""
"crates/areka-emo-compose/src/composed.rs","areka-emo-compose","src","123","31","92","1","0","0","0","0","tests:93-123(31)","",""
"crates/areka-emo-compose/src/composer_tests.rs","areka-emo-compose","src","703","0","703","0","0","0","0","0","","",""
"crates/areka-emo-compose/src/error.rs","areka-emo-compose","src","32","0","32","0","0","0","0","0","","",""
"crates/areka-emo-compose/src/fold.rs","areka-emo-compose","src","1132","868","264","1","0","0","0","0","tests:265-1132(868)","",""
"crates/areka-emo-compose/src/golden_tests.rs","areka-emo-compose","src","1356","0","1356","0","0","0","0","0","","",""
"crates/areka-emo-compose/src/hit.rs","areka-emo-compose","src","636","484","152","1","0","0","0","0","tests:153-636(484)","",""
"crates/areka-emo-compose/src/lib.rs","areka-emo-compose","src","194","17","177","1","4","0","0","0","contract_tests:178-194(17)","log_capture@166|golden_tests@169|composer_tests@172|log_firing_tests@175",""
"crates/areka-emo-compose/src/log_capture.rs","areka-emo-compose","src","104","37","67","1","0","0","0","0","tests:68-104(37)","",""
"crates/areka-emo-compose/src/log_firing_tests.rs","areka-emo-compose","src","664","0","664","0","0","0","0","0","","",""
"crates/areka-emo-compose/src/method.rs","areka-emo-compose","src","386","177","209","1","0","0","0","0","tests:210-386(177)","",""
"crates/areka-emo-compose/src/normalized.rs","areka-emo-compose","src","147","45","102","1","0","0","0","0","tests:103-147(45)","",""
"crates/areka-emo-compose/src/pattern.rs","areka-emo-compose","src","166","94","72","1","0","0","0","0","tests:73-166(94)","",""
"crates/areka-emo-compose/src/plan.rs","areka-emo-compose","src","2203","1536","667","1","0","0","0","0","tests:668-2203(1536)","",""
"crates/areka-emo-compose/src/scale.rs","areka-emo-compose","src","1778","1311","467","1","0","0","0","0","tests:468-1778(1311)","",""
"crates/areka-emo-compose/src/world.rs","areka-emo-compose","src","251","87","164","1","0","0","0","0","tests:165-251(87)","",""
"crates/areka-emo-present/src/balloon.rs","areka-emo-present","src","2264","1632","632","1","0","0","0","0","tests:633-2264(1632)","",""
"crates/areka-emo-present/src/cache.rs","areka-emo-present","src","1100","907","193","1","0","0","0","0","tests:194-1100(907)","",""
"crates/areka-emo-present/src/chain.rs","areka-emo-present","src","443","159","284","1","0","0","0","0","tests:285-443(159)","",""
"crates/areka-emo-present/src/command.rs","areka-emo-present","src","193","92","101","1","0","0","0","0","tests:102-193(92)","",""
"crates/areka-emo-present/src/lib.rs","areka-emo-present","src","62","0","62","0","0","0","0","0","","",""
"crates/areka-emo-present/src/mount.rs","areka-emo-present","src","434","198","236","1","0","0","0","0","tests:237-434(198)","",""
"crates/areka-emo-present/src/presenter.rs","areka-emo-present","src","5417","4375","1042","1","0","0","0","0","tests:1043-5417(4375)","",""
"crates/areka-emo-present/src/scale.rs","areka-emo-present","src","876","649","227","1","0","0","0","0","tests:228-876(649)","",""
"crates/areka-emo-present/tests/swapchain_spike.rs","areka-emo-present","tests","273","0","273","0","0","0","0","0","","",""
"crates/areka-emo-text/examples/emo-text-layer.rs","areka-emo-text","examples","1434","0","1434","0","0","0","0","0","","",""
"crates/areka-emo-text/examples/emo-text-typewriter-demo.rs","areka-emo-text","examples","363","0","363","0","0","0","0","0","","",""
"crates/areka-emo-text/src/actor.rs","areka-emo-text","src","2967","2109","858","2","0","0","0","0","tests:858-939(82)|runtime_tests:941-2967(2027)","",""
"crates/areka-emo-text/src/canvas.rs","areka-emo-text","src","716","396","320","1","0","0","0","0","tests:321-716(396)","",""
"crates/areka-emo-text/src/choice.rs","areka-emo-text","src","1749","1199","550","3","0","0","0","0","tests:537-1121(585)|style_resolve_tests:1129-1339(211)|decorate_tests:1347-1749(403)","",""
"crates/areka-emo-text/src/draw.rs","areka-emo-text","src","2293","1330","963","1","0","16","0","0","tests:964-2293(1330)","","74|76|105|107|109|111|113|115|117|429|539|691|706|893|929|942"
"crates/areka-emo-text/src/layout.rs","areka-emo-text","src","3294","2545","749","1","0","0","0","0","tests:750-3294(2545)","",""
"crates/areka-emo-text/src/lib.rs","areka-emo-text","src","200","114","86","2","0","0","0","0","budouy_spike:86-134(49)|tests:136-200(65)","",""
"crates/areka-emo-text/src/region.rs","areka-emo-text","src","708","414","294","1","0","0","0","0","tests:295-708(414)","",""
"crates/areka-emo-text/src/segment.rs","areka-emo-text","src","363","212","151","1","0","1","0","0","tests:152-363(212)","","76"
"crates/areka-emo-text/src/sink.rs","areka-emo-text","src","420","298","122","1","0","0","0","0","tests:123-420(298)","",""
"crates/areka-emo-text/src/state.rs","areka-emo-text","src","1630","1174","456","1","0","0","0","0","tests:457-1630(1174)","",""
"crates/areka-emo-text/src/surface.rs","areka-emo-text","src","775","316","459","1","0","1","0","0","tests:460-775(316)","","380"
"crates/areka-emo-text/src/viewbox_draw.rs","areka-emo-text","src","3090","2305","785","1","0","4","0","0","tests:786-3090(2305)","","116|146|153|484"
"crates/areka-emo-text/src/viewbox.rs","areka-emo-text","src","2498","1749","749","1","0","0","0","0","tests:750-2498(1749)","",""
"crates/areka-emo-text/src/wrap.rs","areka-emo-text","src","227","163","64","1","0","0","0","0","tests:65-227(163)","",""
"crates/areka-emo-text/src/writing.rs","areka-emo-text","src","251","172","79","1","0","0","0","0","tests:80-251(172)","",""
"crates/areka-emo-text/tests/attach_wiring_test.rs","areka-emo-text","tests","873","0","873","0","0","0","0","0","","",""
"crates/areka-emo-text/tests/choice_fixture_test.rs","areka-emo-text","tests","453","0","453","0","0","0","0","0","","",""
"crates/areka-emo-text/tests/draw_readback_test.rs","areka-emo-text","tests","634","0","634","0","0","0","0","0","","",""
"crates/areka-emo-text/tests/emo2_fixture_e2e_test.rs","areka-emo-text","tests","587","0","587","0","0","0","0","0","","",""
"crates/areka-emo-text/tests/pipeline_test.rs","areka-emo-text","tests","554","0","554","0","0","0","0","0","","",""
"crates/areka-emo-text/tests/scale_invariance_test.rs","areka-emo-text","tests","535","0","535","0","0","0","0","0","","",""
"crates/areka-emo-text/tests/vertical_fixture_test.rs","areka-emo-text","tests","151","0","151","0","0","0","0","0","","",""
"crates/areka-emo-text/tests/viewbox_blit_spike.rs","areka-emo-text","tests","649","0","649","0","0","0","0","0","","",""
"crates/areka-emo-text/tests/viewbox_scroll_test.rs","areka-emo-text","tests","360","0","360","0","0","0","0","0","","",""
"crates/areka-ghost/src/config.rs","areka-ghost","src","210","134","76","1","0","0","0","0","tests:77-210(134)","",""
"crates/areka-ghost/src/dispatcher.rs","areka-ghost","src","1856","1436","420","1","0","0","0","0","tests:421-1856(1436)","",""
"crates/areka-ghost/src/lib.rs","areka-ghost","src","48","0","48","0","1","0","0","0","","test_log_capture@40",""
"crates/areka-ghost/src/prop_sink.rs","areka-ghost","src","539","407","132","1","0","0","0","0","tests:133-539(407)","",""
"crates/areka-ghost/src/relay.rs","areka-ghost","src","156","115","41","1","0","0","0","0","tests:42-156(115)","",""
"crates/areka-ghost/src/runtime.rs","areka-ghost","src","1613","963","650","1","0","0","0","0","tests:651-1613(963)","",""
"crates/areka-ghost/src/shiori_inproc.rs","areka-ghost","src","1018","446","572","3","0","0","0","0","tests:571-680(110)|host_tests:682-754(73)|adapter_tests:756-1018(263)","",""
"crates/areka-ghost/src/shiori_wiring.rs","areka-ghost","src","176","89","87","1","0","0","0","0","tests:88-176(89)","",""
"crates/areka-ghost/src/sink.rs","areka-ghost","src","415","284","131","1","0","0","0","0","tests:132-415(284)","",""
"crates/areka-ghost/src/sylphya_wiring.rs","areka-ghost","src","379","189","190","1","0","0","0","0","tests:191-379(189)","",""
"crates/areka-ghost/src/test_log_capture.rs","areka-ghost","src","181","0","181","0","0","0","0","0","","",""
"crates/areka-ghost/src/ticker.rs","areka-ghost","src","823","504","319","1","0","0","0","0","tests:320-823(504)","",""
"crates/areka-ghost/tests/ghost.rs","areka-ghost","tests","43","0","43","0","0","0","0","0","","",""
"crates/areka-ghost/tests/ghost/common.rs","areka-ghost","tests","27","0","27","0","0","0","0","0","","",""
"crates/areka-ghost/tests/ghost/inproc_e2e_test.rs","areka-ghost","tests","726","0","726","0","0","0","0","0","","",""
"crates/areka-ghost/tests/ghost/inproc_fixture.rs","areka-ghost","tests","447","0","447","0","0","0","0","0","","",""
"crates/areka-ghost/tests/ghost/real_pasta_test.rs","areka-ghost","tests","243","0","243","0","0","0","0","0","","",""
"crates/areka-ghost/tests/ghost/recorder.rs","areka-ghost","tests","380","205","175","1","0","0","0","0","tests:176-380(205)","",""
"crates/areka-ghost/tests/ghost/snapshot_capture_test.rs","areka-ghost","tests","526","126","400","1","0","0","0","0","tests:401-526(126)","",""
"crates/areka-ghost/tests/ghost/spine_e2e_test.rs","areka-ghost","tests","2574","2091","483","10","0","0","0","0","tests:321-459(139)|broadcast_relevance_partition:473-643(171)|s1_boot_success:652-934(283)|s2_connect_failure:945-1103(159)|s3_helper_liveness_detected:1116-1386(271)|s4_close_handshake:1415-1667(253)|s5_close_deadline:1707-2006(300)|s6_full_disconnect:2033-2236(204)|global_log_probe:2248-2330(83)|s7_second_boot_record_present:2347-2574(228)","",""
"crates/areka-ghost/tests/ghost/sylphya_integration_test.rs","areka-ghost","tests","476","0","476","0","0","0","0","0","","",""
"crates/areka-kanade/src/actor.rs","areka-kanade","src","1318","948","370","1","0","0","0","0","tests:371-1318(948)","",""
"crates/areka-kanade/src/lib.rs","areka-kanade","src","73","0","73","0","0","0","0","0","","",""
"crates/areka-kanade/src/msg.rs","areka-kanade","src","704","388","316","1","0","0","0","0","tests:317-704(388)","",""
"crates/areka-kanade/src/schedule/boot.rs","areka-kanade","src","1406","1118","288","1","0","0","0","0","tests:289-1406(1118)","",""
"crates/areka-kanade/src/schedule/choice.rs","areka-kanade","src","346","237","109","1","0","0","0","0","tests:110-346(237)","",""
"crates/areka-kanade/src/schedule/close.rs","areka-kanade","src","529","350","179","1","0","0","0","0","tests:180-529(350)","",""
"crates/areka-kanade/src/schedule/events.rs","areka-kanade","src","993","583","410","1","0","0","0","0","tests:411-993(583)","",""
"crates/areka-kanade/src/schedule/log_capture.rs","areka-kanade","src","274","0","274","0","0","0","0","0","","",""
"crates/areka-kanade/src/schedule/mod.rs","areka-kanade","src","2176","1495","681","2","1","0","0","0","tests:670-1554(885)|log_firing_tests:1567-2176(610)","log_capture@31",""
"crates/areka-kanade/src/schedule/resources.rs","areka-kanade","src","210","121","89","1","0","0","0","0","tests:90-210(121)","",""
"crates/areka-kanade/src/schedule/steady.rs","areka-kanade","src","3286","2383","903","1","0","0","0","0","tests:904-3286(2383)","",""
"crates/areka-kanade/src/shiori/mod.rs","areka-kanade","src","54","0","54","0","0","0","0","0","","",""
"crates/areka-kanade/src/shiori/real.rs","areka-kanade","src","903","623","280","1","0","0","0","0","tests:281-903(623)","",""
"crates/areka-kanade/src/status.rs","areka-kanade","src","381","143","238","1","0","0","0","0","tests:239-381(143)","",""
"crates/areka-kanade/src/talk.rs","areka-kanade","src","31","18","13","1","0","0","0","0","tests:14-31(18)","",""
"crates/areka-kanade/tests/kanade.rs","areka-kanade","tests","25","0","25","0","0","0","0","0","","",""
"crates/areka-kanade/tests/kanade/boot_test.rs","areka-kanade","tests","120","0","120","0","0","0","0","0","","",""
"crates/areka-kanade/tests/kanade/choice_test.rs","areka-kanade","tests","1563","0","1563","0","0","0","0","0","","",""
"crates/areka-kanade/tests/kanade/close_test.rs","areka-kanade","tests","1009","0","1009","0","0","0","0","0","","",""
"crates/areka-kanade/tests/kanade/common/mod.rs","areka-kanade","tests","1657","256","1401","1","0","0","0","0","smoke:1402-1657(256)","",""
"crates/areka-kanade/tests/kanade/failure_test.rs","areka-kanade","tests","335","0","335","0","0","0","0","0","","",""
"crates/areka-kanade/tests/kanade/full_run_test.rs","areka-kanade","tests","207","0","207","0","0","0","0","0","","",""
"crates/areka-kanade/tests/kanade/mouse_test.rs","areka-kanade","tests","1116","0","1116","0","0","0","0","0","","",""
"crates/areka-kanade/tests/kanade/prefetch_test.rs","areka-kanade","tests","211","0","211","0","0","0","0","0","","",""
"crates/areka-kanade/tests/kanade/real_helper_test.rs","areka-kanade","tests","252","0","252","0","0","0","0","0","","",""
"crates/areka-kanade/tests/kanade/steady_test.rs","areka-kanade","tests","897","0","897","0","0","0","0","0","","",""
"crates/areka-parsers/src/balloon/mod.rs","areka-parsers","src","26","0","26","0","3","0","0","0","","model_tests@13|parse_tests@16|validation_tests@19",""
"crates/areka-parsers/src/balloon/model_tests.rs","areka-parsers","src","465","0","465","0","0","0","0","0","","",""
"crates/areka-parsers/src/balloon/model.rs","areka-parsers","src","423","0","423","0","0","0","0","0","","",""
"crates/areka-parsers/src/balloon/parse_tests.rs","areka-parsers","src","256","0","256","0","0","0","0","0","","",""
"crates/areka-parsers/src/balloon/parse.rs","areka-parsers","src","150","0","150","0","0","0","0","0","","",""
"crates/areka-parsers/src/balloon/validation_tests.rs","areka-parsers","src","196","0","196","0","0","0","0","0","","",""
"crates/areka-parsers/src/charset/decode_tests.rs","areka-parsers","src","113","0","113","0","0","0","0","0","","",""
"crates/areka-parsers/src/charset/decode.rs","areka-parsers","src","59","0","59","0","0","0","0","0","","",""
"crates/areka-parsers/src/charset/mod.rs","areka-parsers","src","30","0","30","0","4","0","0","0","","model_tests@13|prescan_tests@18|decode_tests@23|validation_tests@26",""
"crates/areka-parsers/src/charset/model_tests.rs","areka-parsers","src","64","0","64","0","0","0","0","0","","",""
"crates/areka-parsers/src/charset/model.rs","areka-parsers","src","41","0","41","0","0","0","0","0","","",""
"crates/areka-parsers/src/charset/prescan_tests.rs","areka-parsers","src","88","0","88","0","0","0","0","0","","",""
"crates/areka-parsers/src/charset/prescan.rs","areka-parsers","src","60","0","60","0","0","0","0","0","","",""
"crates/areka-parsers/src/charset/validation_tests.rs","areka-parsers","src","98","0","98","0","0","0","0","0","","",""
"crates/areka-parsers/src/kv/mod.rs","areka-parsers","src","17","0","17","0","2","0","0","0","","parse_tests@11|validation_tests@14",""
"crates/areka-parsers/src/kv/parse_tests.rs","areka-parsers","src","70","0","70","0","0","0","0","0","","",""
"crates/areka-parsers/src/kv/parse.rs","areka-parsers","src","43","0","43","0","0","0","0","0","","",""
"crates/areka-parsers/src/kv/validation_tests.rs","areka-parsers","src","39","0","39","0","0","0","0","0","","",""
"crates/areka-parsers/src/lib.rs","areka-parsers","src","18","0","18","0","0","0","0","0","","",""
"crates/areka-parsers/src/package/mod.rs","areka-parsers","src","33","0","33","0","3","0","0","0","","model_tests@20|resolve_tests@24|validation_tests@27",""
"crates/areka-parsers/src/package/model_tests.rs","areka-parsers","src","179","0","179","0","0","0","0","0","","",""
"crates/areka-parsers/src/package/model.rs","areka-parsers","src","316","123","193","1","0","0","0","0","bindgroup_name_tests:194-316(123)","",""
"crates/areka-parsers/src/package/resolve_tests.rs","areka-parsers","src","313","0","313","0","0","0","0","0","","",""
"crates/areka-parsers/src/package/resolve.rs","areka-parsers","src","658","406","252","3","0","0","0","0","ghost_names_transcription_tests:251-311(61)|bindgroup_name_transcription_tests:313-533(221)|bindoption_mustselect_tests:535-658(124)","",""
"crates/areka-parsers/src/package/validation_tests.rs","areka-parsers","src","236","0","236","0","0","0","0","0","","",""
"crates/areka-parsers/src/sakura/decode_tests.rs","areka-parsers","src","586","0","586","0","0","0","0","0","","",""
"crates/areka-parsers/src/sakura/decode.rs","areka-parsers","src","342","0","342","0","0","0","0","0","","",""
"crates/areka-parsers/src/sakura/lexer_tests.rs","areka-parsers","src","455","0","455","0","0","0","0","0","","",""
"crates/areka-parsers/src/sakura/lexer.rs","areka-parsers","src","285","0","285","0","0","0","0","0","","",""
"crates/areka-parsers/src/sakura/mod.rs","areka-parsers","src","36","0","36","0","5","0","0","0","","model_tests@14|lexer_tests@19|decode_tests@24|parse_tests@29|validation_tests@32",""
"crates/areka-parsers/src/sakura/model_tests.rs","areka-parsers","src","153","0","153","0","0","0","0","0","","",""
"crates/areka-parsers/src/sakura/model.rs","areka-parsers","src","114","0","114","0","0","0","0","0","","",""
"crates/areka-parsers/src/sakura/parse_tests.rs","areka-parsers","src","95","0","95","0","0","0","0","0","","",""
"crates/areka-parsers/src/sakura/parse.rs","areka-parsers","src","30","0","30","0","0","0","0","0","","",""
"crates/areka-parsers/src/sakura/validation_tests.rs","areka-parsers","src","418","0","418","0","0","0","0","0","","",""
"crates/areka-parsers/src/shell/decode_tests.rs","areka-parsers","src","1395","0","1395","0","0","0","0","0","","",""
"crates/areka-parsers/src/shell/decode.rs","areka-parsers","src","557","0","557","0","0","0","0","0","","",""
"crates/areka-parsers/src/shell/lexer_tests.rs","areka-parsers","src","276","0","276","0","0","0","0","0","","",""
"crates/areka-parsers/src/shell/lexer.rs","areka-parsers","src","222","0","222","0","0","0","0","0","","",""
"crates/areka-parsers/src/shell/mod.rs","areka-parsers","src","46","0","46","0","5","0","0","0","","model_tests@18|lexer_tests@23|decode_tests@28|parse_tests@33|validation_tests@36",""
"crates/areka-parsers/src/shell/model_tests.rs","areka-parsers","src","240","0","240","0","0","0","0","0","","",""
"crates/areka-parsers/src/shell/model.rs","areka-parsers","src","280","0","280","0","0","0","0","0","","",""
"crates/areka-parsers/src/shell/parse_tests.rs","areka-parsers","src","230","0","230","0","0","0","0","0","","",""
"crates/areka-parsers/src/shell/parse.rs","areka-parsers","src","28","0","28","0","0","0","0","0","","",""
"crates/areka-parsers/src/shell/validation_tests.rs","areka-parsers","src","639","0","639","0","0","0","0","0","","",""
"crates/areka-sakura/src/compile.rs","areka-sakura","src","1867","1546","321","1","0","0","0","0","tests:322-1867(1546)","",""
"crates/areka-sakura/src/contract.rs","areka-sakura","src","65","0","65","0","0","0","0","0","","",""
"crates/areka-sakura/src/drive.rs","areka-sakura","src","2808","2278","530","1","0","0","0","0","tests:531-2808(2278)","",""
"crates/areka-sakura/src/duration.rs","areka-sakura","src","91","50","41","1","0","0","0","0","tests:42-91(50)","",""
"crates/areka-sakura/src/error.rs","areka-sakura","src","71","46","25","1","0","0","0","0","tests:26-71(46)","",""
"crates/areka-sakura/src/lib.rs","areka-sakura","src","45","0","45","0","0","0","0","0","","",""
"crates/areka-sakura/src/sysvar.rs","areka-sakura","src","152","68","84","1","0","0","0","0","tests:85-152(68)","",""
"crates/areka-seriko/src/actor.rs","areka-seriko","src","2331","1847","484","1","0","0","0","0","tests:485-2331(1847)","",""
"crates/areka-seriko/src/bind.rs","areka-seriko","src","785","485","300","1","0","0","0","0","tests:301-785(485)","",""
"crates/areka-seriko/src/lib.rs","areka-seriko","src","45","0","45","0","0","0","0","0","","",""
"crates/areka-seriko/src/looper.rs","areka-seriko","src","939","564","375","1","0","0","0","0","tests:376-939(564)","",""
"crates/areka-seriko/src/output.rs","areka-seriko","src","262","159","103","1","0","0","0","0","tests:104-262(159)","",""
"crates/areka-seriko/src/resolve.rs","areka-seriko","src","306","186","120","1","0","0","0","0","tests:121-306(186)","",""
"crates/areka-seriko/src/state.rs","areka-seriko","src","1576","1058","518","1","0","0","0","0","tests:519-1576(1058)","",""
"crates/areka-seriko/src/table.rs","areka-seriko","src","519","323","196","1","0","0","0","0","tests:197-519(323)","",""
"crates/areka-seriko/src/timeline.rs","areka-seriko","src","441","313","128","1","0","0","0","0","tests:129-441(313)","",""
"crates/areka-seriko/tests/balloon_face_e2e.rs","areka-seriko","tests","248","0","248","0","0","0","0","0","","",""
"crates/areka-seriko/tests/bind_e2e.rs","areka-seriko","tests","470","0","470","0","0","0","0","0","","",""
"crates/areka-seriko/tests/cue_sequence.rs","areka-seriko","tests","112","0","112","0","0","0","0","0","","",""
"crates/areka-seriko/tests/loop_integration.rs","areka-seriko","tests","635","0","635","0","0","0","0","0","","",""
"crates/areka-seriko/tests/regression.rs","areka-seriko","tests","219","0","219","0","0","0","0","0","","",""
"crates/areka-sylphya/src/actor.rs","areka-sylphya","src","1587","866","721","3","0","0","0","0","tests:675-1028(354)|actor_integration_tests:1036-1379(344)|actor_criteria_cage:1420-1587(168)","",""
"crates/areka-sylphya/src/asker.rs","areka-sylphya","src","63","35","28","1","0","0","0","0","tests:29-63(35)","",""
"crates/areka-sylphya/src/key.rs","areka-sylphya","src","372","214","158","1","0","0","0","0","tests:159-372(214)","",""
"crates/areka-sylphya/src/ledger_key_determinism_tests.rs","areka-sylphya","src","257","0","257","0","0","0","0","0","","",""
"crates/areka-sylphya/src/lib.rs","areka-sylphya","src","71","0","71","0","2","0","0","0","","ledger_key_determinism_tests@49|test_log_capture@55",""
"crates/areka-sylphya/src/mirror.rs","areka-sylphya","src","242","132","110","1","0","0","0","0","tests:111-242(132)","",""
"crates/areka-sylphya/src/persist/format.rs","areka-sylphya","src","406","159","247","1","0","0","0","0","tests:248-406(159)","",""
"crates/areka-sylphya/src/persist/io.rs","areka-sylphya","src","287","108","179","1","0","0","0","0","tests:180-287(108)","",""
"crates/areka-sylphya/src/persist/mod.rs","areka-sylphya","src","694","338","356","1","0","0","0","0","tests:357-694(338)","",""
"crates/areka-sylphya/src/reader.rs","areka-sylphya","src","580","400","180","2","0","0","0","0","tests:159-441(283)|mirror_reader_criteria_cage:464-580(117)","",""
"crates/areka-sylphya/src/test_log_capture.rs","areka-sylphya","src","150","0","150","0","0","0","0","0","","",""
"crates/areka-sylphya/src/value.rs","areka-sylphya","src","80","40","40","1","0","0","0","0","tests:41-80(40)","",""
"crates/areka-sylphya/src/vocab/dotted.rs","areka-sylphya","src","270","160","110","1","0","0","0","0","tests:111-270(160)","",""
"crates/areka-sylphya/src/vocab/flat.rs","areka-sylphya","src","147","76","71","1","0","0","0","0","tests:72-147(76)","",""
"crates/areka-sylphya/src/vocab/mod.rs","areka-sylphya","src","93","38","55","1","0","0","0","0","tests:56-93(38)","",""
"crates/areka-sylphya/src/vocab/shiori_resource.rs","areka-sylphya","src","290","77","213","1","0","0","0","0","tests:214-290(77)","",""
"crates/areka-talk/src/lib.rs","areka-talk","src","118","0","118","0","1","0","0","0","","tests@117",""
"crates/areka-talk/src/tests.rs","areka-talk","src","437","0","437","0","0","0","0","0","","",""
"crates/areka/examples/clickthrough_two_rects.rs","areka","examples","283","0","283","0","0","0","0","0","","",""
"crates/areka/examples/collision-probe.rs","areka","examples","1063","0","1063","0","0","0","0","0","","",""
"crates/areka/examples/emo-present.rs","areka","examples","1168","0","1168","0","0","0","0","0","","",""
"crates/areka/examples/mock-shell.rs","areka","examples","908","446","462","1","0","0","0","0","tests:463-908(446)","",""
"crates/areka/examples/window-placement.rs","areka","examples","494","0","494","0","0","0","0","0","","",""
"crates/areka/src/emo2_boot/adapter.rs","areka","src","490","353","137","1","0","0","0","0","tests:138-490(353)","",""
"crates/areka/src/emo2_boot/assets.rs","areka","src","1225","820","405","1","0","0","0","0","tests:406-1225(820)","",""
"crates/areka/src/emo2_boot/consumer_ledger.rs","areka","src","191","85","106","1","0","0","0","0","tests:107-191(85)","",""
"crates/areka/src/emo2_boot/frame.rs","areka","src","4660","3163","1497","1","0","5","0","0","tests:1498-4660(3163)","","300|315|327|336|345"
"crates/areka/src/emo2_boot/hit_region.rs","areka","src","177","49","128","1","0","0","0","0","tests:129-177(49)","",""
"crates/areka/src/emo2_boot/hover_inject.rs","areka","src","363","167","196","1","0","0","0","0","tests:197-363(167)","",""
"crates/areka/src/emo2_boot/mod.rs","areka","src","559","90","469","1","1","0","0","0","wire_tests:470-559(90)","spine@30",""
"crates/areka/src/emo2_boot/move_cue.rs","areka","src","1634","934","700","4","0","0","0","0","tests:671-948(278)|move_sink_tests:954-1069(116)|apply_move_tests:1081-1429(349)|move_severity_log_tests:1444-1634(191)","",""
"crates/areka/src/emo2_boot/spine.rs","areka","src","2503","0","2503","0","0","0","0","0","","",""
"crates/areka/src/emo2_boot/talk_clock.rs","areka","src","315","205","110","1","0","0","0","0","tests:111-315(205)","",""
"crates/areka/src/emo2_boot/target_map.rs","areka","src","112","73","39","1","0","0","0","0","tests:40-112(73)","",""
"crates/areka/src/input_events/balloon.rs","areka","src","2825","1996","829","1","0","0","0","0","tests:830-2825(1996)","",""
"crates/areka/src/input_events/choice_drain.rs","areka","src","377","244","133","1","0","0","0","0","tests:134-377(244)","",""
"crates/areka/src/input_events/mod.rs","areka","src","1164","731","433","1","0","1","0","0","tests:434-1164(731)","","84"
"crates/areka/src/input_events/throttle.rs","areka","src","283","173","110","1","0","0","0","0","tests:111-283(173)","",""
"crates/areka/src/main.rs","areka","src","1842","901","941","7","3","0","0","0","startup_window_tests:899-1068(170)|seam_tests:1077-1292(216)|config_input_tests:1294-1360(67)|ghost_wiring_tests:1368-1443(76)|restore_seam_tests:1453-1578(126)|persist_wiring_seam_tests:1589-1677(89)|monitor_snapshot_seam_tests:1686-1842(157)","shiori_e2e_tests@74|shiori_lifecycle_e2e_tests@80|shiori_reference_e2e_tests@87",""
"crates/areka/src/placement/config.rs","areka","src","645","382","263","1","0","0","0","0","tests:264-645(382)","",""
"crates/areka/src/placement/diag.rs","areka","src","737","400","337","1","0","0","0","0","tests:338-737(400)","",""
"crates/areka/src/placement/follow.rs","areka","src","8472","6476","1996","1","0","0","0","0","tests:1997-8472(6476)","",""
"crates/areka/src/placement/measure.rs","areka","src","1387","922","465","1","0","0","0","0","tests:466-1387(922)","",""
"crates/areka/src/placement/mod.rs","areka","src","1899","1336","563","1","1","0","0","0","tests:564-1899(1336)","test_support@35",""
"crates/areka/src/placement/persist.rs","areka","src","1535","1070","465","1","0","0","0","0","tests:466-1535(1070)","",""
"crates/areka/src/placement/resolver.rs","areka","src","1306","1011","295","1","0","0","0","0","tests:296-1306(1011)","",""
"crates/areka/src/placement/source.rs","areka","src","819","540","279","1","0","1","0","0","tests:280-819(540)","","76"
"crates/areka/src/placement/spawn.rs","areka","src","1582","1156","426","1","0","0","0","0","tests:427-1582(1156)","",""
"crates/areka/src/placement/test_support.rs","areka","src","195","0","195","0","0","0","0","0","","",""
"crates/areka/src/placement/windowposition.rs","areka","src","331","210","121","1","0","0","0","0","tests:122-331(210)","",""
"crates/areka/src/reference_brain.rs","areka","src","490","202","288","1","0","0","0","0","tests:289-490(202)","",""
"crates/areka/src/shiori_demo.rs","areka","src","310","92","218","1","0","0","0","0","tests:219-310(92)","",""
"crates/areka/src/shiori_e2e_tests.rs","areka","src","186","0","186","0","0","0","0","0","","",""
"crates/areka/src/shiori_host.rs","areka","src","614","287","327","1","0","2","0","0","tests:328-614(287)","","291|308"
"crates/areka/src/shiori_lifecycle_e2e_tests.rs","areka","src","199","0","199","0","0","0","0","0","","",""
"crates/areka/src/shiori_reference_e2e_tests.rs","areka","src","329","0","329","0","0","0","0","0","","",""
"crates/areka/src/shiori_session.rs","areka","src","620","320","300","1","0","0","0","0","tests:301-620(320)","",""
"crates/areka/tests/emo2_real_run.rs","areka","tests","243","0","243","0","0","0","0","0","","",""
"crates/areka/tests/smoke_boot_loop_exit.rs","areka","tests","208","0","208","0","0","0","0","0","","",""
"crates/dola/src/builder.rs","dola","src","202","68","134","1","0","0","0","0","tests:135-202(68)","",""
"crates/dola/src/compile/mod.rs","dola","src","308","0","308","0","0","0","0","0","","",""
"crates/dola/src/compile/resolve.rs","dola","src","425","0","425","0","0","0","0","0","","",""
"crates/dola/src/compile/types.rs","dola","src","104","0","104","0","0","0","0","0","","",""
"crates/dola/src/cue/command.rs","dola","src","1089","758","331","1","0","0","0","0","tests:332-1089(758)","",""
"crates/dola/src/cue/mod.rs","dola","src","35","0","35","0","0","0","0","0","","",""
"crates/dola/src/cue/runtime.rs","dola","src","398","0","398","0","0","0","0","0","","",""
"crates/dola/src/cue/schedule.rs","dola","src","320","0","320","0","0","0","0","0","","",""
"crates/dola/src/cue/sheet.rs","dola","src","195","0","195","0","0","0","0","0","","",""
"crates/dola/src/cue/sink.rs","dola","src","76","0","76","0","0","0","0","0","","",""
"crates/dola/src/document.rs","dola","src","49","23","26","1","0","0","0","0","tests:27-49(23)","",""
"crates/dola/src/easing.rs","dola","src","60","0","60","0","0","0","0","0","","",""
"crates/dola/src/error.rs","dola","src","507","209","298","1","0","0","0","0","tests:299-507(209)","",""
"crates/dola/src/lib.rs","dola","src","37","0","37","0","0","0","0","0","","",""
"crates/dola/src/playback.rs","dola","src","25","0","25","0","0","0","0","0","","",""
"crates/dola/src/runtime/clock.rs","dola","src","121","0","121","0","0","0","0","1","","",""
"crates/dola/src/runtime/conflict_resolver.rs","dola","src","189","0","189","0","0","0","0","0","","",""
"crates/dola/src/runtime/document_store.rs","dola","src","179","130","49","1","0","0","0","0","tests:50-179(130)","",""
"crates/dola/src/runtime/facade.rs","dola","src","522","0","522","0","0","0","0","0","","",""
"crates/dola/src/runtime/instance_manager/mod.rs","dola","src","257","0","257","0","1","0","0","0","","tests@256",""
"crates/dola/src/runtime/instance_manager/tests.rs","dola","src","410","0","410","0","0","0","0","0","","",""
"crates/dola/src/runtime/instance_state.rs","dola","src","74","0","74","0","0","0","0","0","","",""
"crates/dola/src/runtime/interpolator/mod.rs","dola","src","204","0","204","0","1","0","0","0","","tests@203",""
"crates/dola/src/runtime/interpolator/tests.rs","dola","src","539","0","539","0","0","0","0","0","","",""
"crates/dola/src/runtime/loop_controller/mod.rs","dola","src","185","0","185","0","1","0","0","0","","tests@184",""
"crates/dola/src/runtime/loop_controller/tests.rs","dola","src","441","0","441","0","0","0","0","0","","",""
"crates/dola/src/runtime/mod.rs","dola","src","23","0","23","0","0","0","0","0","","",""
"crates/dola/src/runtime/subscription_manager/mod.rs","dola","src","190","0","190","0","1","1","0","0","","tests@189","103"
"crates/dola/src/runtime/subscription_manager/tests.rs","dola","src","333","0","333","0","0","0","0","0","","",""
"crates/dola/src/runtime/timeline_manager/mod.rs","dola","src","351","0","351","0","1","0","0","0","","tests@350",""
"crates/dola/src/runtime/timeline_manager/tests.rs","dola","src","468","0","468","0","0","0","0","0","","",""
"crates/dola/src/runtime/types.rs","dola","src","222","49","173","1","0","0","0","0","tests:174-222(49)","",""
"crates/dola/src/storyboard.rs","dola","src","166","0","166","0","0","0","0","0","","",""
"crates/dola/src/transition.rs","dola","src","57","0","57","0","0","0","0","0","","",""
"crates/dola/src/validate/mod.rs","dola","src","178","0","178","0","0","0","0","0","","",""
"crates/dola/src/validate/rules.rs","dola","src","406","0","406","0","0","0","0","0","","",""
"crates/dola/src/value.rs","dola","src","54","0","54","0","0","0","0","0","","",""
"crates/dola/src/variable.rs","dola","src","34","0","34","0","0","0","0","0","","",""
"crates/dola/tests/compile.rs","dola","tests","17","0","17","0","0","0","0","0","","",""
"crates/dola/tests/compile/boundary_test.rs","dola","tests","387","345","42","4","0","0","0","0","numeric_boundary_tests:40-246(207)|keyframe_name_collision_tests:248-313(66)|stack_and_capacity_tests:315-348(34)|builder_boundary_tests:350-387(38)","",""
"crates/dola/tests/compile/common/mod.rs","dola","tests","28","0","28","0","0","0","0","0","","",""
"crates/dola/tests/compile/error_test.rs","dola","tests","344","336","8","1","0","0","0","0","error_tests:9-344(336)","",""
"crates/dola/tests/compile/integration_test/compilation_flow.rs","dola","tests","329","0","329","0","0","0","0","0","","",""
"crates/dola/tests/compile/integration_test/keyframe_and_trigger.rs","dola","tests","280","0","280","0","0","0","0","0","","",""
"crates/dola/tests/compile/integration_test/mod.rs","dola","tests","9","0","9","0","0","0","0","0","","",""
"crates/dola/tests/compile/metadata_test.rs","dola","tests","415","408","7","1","0","0","0","0","metadata_tests:8-415(408)","",""
"crates/dola/tests/compile/serde_test.rs","dola","tests","196","190","6","1","0","0","0","0","serde_tests:7-196(190)","",""
"crates/dola/tests/compile/time_resolution_test/at_placement.rs","dola","tests","381","0","381","0","0","0","0","0","","",""
"crates/dola/tests/compile/time_resolution_test/between.rs","dola","tests","212","0","212","0","0","0","0","0","","",""
"crates/dola/tests/compile/time_resolution_test/interaction.rs","dola","tests","113","0","113","0","0","0","0","0","","",""
"crates/dola/tests/compile/time_resolution_test/mod.rs","dola","tests","11","0","11","0","0","0","0","0","","",""
"crates/dola/tests/compile/time_resolution_test/sequential.rs","dola","tests","213","0","213","0","0","0","0","0","","",""
"crates/dola/tests/compile/transition_test.rs","dola","tests","296","289","7","1","0","0","0","0","transition_resolution_tests:8-296(289)","",""
"crates/dola/tests/cue.rs","dola","tests","11","0","11","0","0","0","0","0","","",""
"crates/dola/tests/cue/runtime_test.rs","dola","tests","1102","0","1102","0","0","0","0","0","","",""
"crates/dola/tests/cue/schedule_test.rs","dola","tests","721","0","721","0","0","0","0","0","","",""
"crates/dola/tests/cue/sheet_test.rs","dola","tests","774","0","774","0","0","0","0","0","","",""
"crates/dola/tests/cue/sink_test.rs","dola","tests","289","0","289","0","0","0","0","0","","",""
"crates/dola/tests/cue/tick_last_result_test.rs","dola","tests","203","0","203","0","0","0","0","0","","",""
"crates/dola/tests/general.rs","dola","tests","7","0","7","0","0","0","0","0","","",""
"crates/dola/tests/general/builder_test.rs","dola","tests","146","0","146","0","0","0","0","0","","",""
"crates/dola/tests/general/core_types_test/document_variable.rs","dola","tests","132","0","132","0","0","0","0","0","","",""
"crates/dola/tests/general/core_types_test/dynamic_value.rs","dola","tests","153","0","153","0","0","0","0","0","","",""
"crates/dola/tests/general/core_types_test/easing_transition.rs","dola","tests","208","0","208","0","0","0","0","0","","",""
"crates/dola/tests/general/core_types_test/mod.rs","dola","tests","12","0","12","0","0","0","0","0","","",""
"crates/dola/tests/general/core_types_test/storyboard_playback.rs","dola","tests","180","0","180","0","0","0","0","0","","",""
"crates/dola/tests/general/integration_test/domain_integration.rs","dola","tests","402","0","402","0","0","0","0","0","","",""
"crates/dola/tests/general/integration_test/e2e_full_flow.rs","dola","tests","87","0","87","0","0","0","0","0","","",""
"crates/dola/tests/general/integration_test/mod.rs","dola","tests","155","0","155","0","0","0","0","0","","",""
"crates/dola/tests/general/integration_test/serialization_round_trip.rs","dola","tests","80","0","80","0","0","0","0","0","","",""
"crates/dola/tests/runtime.rs","dola","tests","11","0","11","0","0","0","0","0","","",""
"crates/dola/tests/runtime/conflict_resolution_test/conflict_detection.rs","dola","tests","242","0","242","0","0","0","0","0","","",""
"crates/dola/tests/runtime/conflict_resolution_test/error_handling.rs","dola","tests","293","0","293","0","0","0","0","0","","",""
"crates/dola/tests/runtime/conflict_resolution_test/mod.rs","dola","tests","294","0","294","0","0","0","0","0","","",""
"crates/dola/tests/runtime/conflict_resolution_test/termination_strategy.rs","dola","tests","299","0","299","0","0","0","0","0","","",""
"crates/dola/tests/runtime/core_types_test.rs","dola","tests","484","0","484","0","0","0","0","0","","",""
"crates/dola/tests/runtime/facade_test/diff_delivery.rs","dola","tests","131","0","131","0","0","0","0","0","","",""
"crates/dola/tests/runtime/facade_test/load_start.rs","dola","tests","388","0","388","0","0","0","0","0","","",""
"crates/dola/tests/runtime/facade_test/mod.rs","dola","tests","126","0","126","0","0","0","0","0","","",""
"crates/dola/tests/runtime/facade_test/termination.rs","dola","tests","166","0","166","0","0","0","0","0","","",""
"crates/dola/tests/runtime/facade_test/update_flow.rs","dola","tests","108","0","108","0","0","0","0","0","","",""
"crates/dola/tests/runtime/loop_integration_test.rs","dola","tests","449","0","449","0","0","0","0","0","","",""
"crates/dola/tests/runtime/loop_offset_test/loop_offset_compile.rs","dola","tests","378","0","378","0","0","0","0","0","","",""
"crates/dola/tests/runtime/loop_offset_test/loop_offset_serde.rs","dola","tests","173","0","173","0","0","0","0","0","","",""
"crates/dola/tests/runtime/loop_offset_test/loop_offset_validation.rs","dola","tests","194","0","194","0","0","0","0","0","","",""
"crates/dola/tests/runtime/loop_offset_test/mod.rs","dola","tests","40","0","40","0","0","0","0","0","","",""
"crates/dola/tests/trigger.rs","dola","tests","11","0","11","0","0","0","0","0","","",""
"crates/dola/tests/trigger/common/mod.rs","dola","tests","104","0","104","0","0","0","0","0","","",""
"crates/dola/tests/trigger/compile_test.rs","dola","tests","171","159","12","1","0","0","0","0","compile_trigger_tests:13-171(159)","",""
"crates/dola/tests/trigger/runtime_test.rs","dola","tests","444","419","25","3","0","0","0","0","trigger_execution_tests:16-130(115)|loop_trigger_tests:136-267(132)|e2e_tests:273-444(172)","",""
"crates/dola/tests/trigger/serde_test.rs","dola","tests","86","78","8","1","0","0","0","0","serde_tests:9-86(78)","",""
"crates/dola/tests/trigger/validation_test.rs","dola","tests","493","481","12","1","0","0","0","0","validation_tests:13-493(481)","",""
"crates/dola/tests/validation.rs","dola","tests","9","0","9","0","0","0","0","0","","",""
"crates/dola/tests/validation/common/mod.rs","dola","tests","14","0","14","0","0","0","0","0","","",""
"crates/dola/tests/validation/keyframe_test.rs","dola","tests","482","0","482","0","0","0","0","0","","",""
"crates/dola/tests/validation/schema_test.rs","dola","tests","342","0","342","0","0","0","0","0","","",""
"crates/dola/tests/validation/transition_test/mod.rs","dola","tests","31","0","31","0","0","0","0","0","","",""
"crates/dola/tests/validation/transition_test/transition_v11_v12.rs","dola","tests","270","0","270","0","0","0","0","0","","",""
"crates/dola/tests/validation/transition_test/transition_v13_nan.rs","dola","tests","187","0","187","0","0","0","0","0","","",""
"crates/dola/tests/validation/transition_test/transition_v7_v10.rs","dola","tests","218","0","218","0","0","0","0","0","","",""
"crates/pilot/examples/_template/main.rs","pilot","examples","15","0","15","0","0","0","0","0","","",""
"crates/pilot/examples/pilot-clickthrough-alpha-toggle/main.rs","pilot","examples","986","85","901","1","0","0","0","0","tests:902-986(85)","",""
"crates/pilot/examples/shiori-host-32/helper_window.rs","pilot","examples","439","0","439","0","0","0","0","0","","",""
"crates/pilot/examples/shiori-host-32/helper.rs","pilot","examples","129","0","129","0","0","0","0","0","","",""
"crates/pilot/examples/shiori-host-32/ipc.rs","pilot","examples","406","92","314","1","0","0","0","0","tests:315-406(92)","",""
"crates/pilot/examples/shiori-host-32/main.rs","pilot","examples","666","0","666","0","0","0","0","0","","",""
"crates/pilot/examples/shiori-host-32/parent_window.rs","pilot","examples","214","0","214","0","0","0","0","0","","",""
"crates/pilot/examples/shiori-host-32/process_host.rs","pilot","examples","263","96","167","1","0","0","0","0","tests:168-263(96)","",""
"crates/pilot/examples/shiori-host-32/shiori_proxy.rs","pilot","examples","278","38","240","1","0","0","0","0","tests:241-278(38)","",""
"crates/pilot/examples/shiori-host-32/shiori3.rs","pilot","examples","109","41","68","1","0","0","0","0","tests:69-109(41)","",""
"crates/pilot/examples/wintf-winmsg-executor/main.rs","pilot","examples","336","0","336","0","0","0","0","0","","",""
"crates/pilot/src/lib.rs","pilot","src","15","0","15","0","0","0","0","0","","",""
"crates/shiori-abi/src/ergonomic.rs","shiori-abi","src","493","311","182","1","0","0","0","0","tests:183-493(311)","",""
"crates/shiori-abi/src/error.rs","shiori-abi","src","260","146","114","1","0","0","0","0","tests:115-260(146)","",""
"crates/shiori-abi/src/interface.rs","shiori-abi","src","461","300","161","1","0","0","0","0","tests:162-461(300)","",""
"crates/shiori-abi/src/lib.rs","shiori-abi","src","14","0","14","0","0","0","0","0","","",""
"crates/shiori-abi/src/outcome.rs","shiori-abi","src","167","104","63","1","0","0","0","0","tests:64-167(104)","",""
"crates/shiori-abi/tests/mock_brain_roundtrip.rs","shiori-abi","tests","357","0","357","0","0","0","0","0","","",""
"crates/shiori-host32-helper/src/main.rs","shiori-host32-helper","src","1114","595","519","4","0","2","0","0","resolve_param_tests:517-568(52)|classify_tests:570-660(91)|load_ack_tests:662-689(28)|loopback_tests:691-1114(424)","","417|423"
"crates/shiori-host32-helper/src/shiori_proxy.rs","shiori-host32-helper","src","584","263","321","1","0","0","0","0","tests:322-584(263)","",""
"crates/shiori-host32-host/src/client.rs","shiori-host32-host","src","469","219","250","1","0","0","0","0","tests:251-469(219)","",""
"crates/shiori-host32-host/src/error.rs","shiori-host32-host","src","163","63","100","1","0","0","0","0","request_error_tests:101-163(63)","",""
"crates/shiori-host32-host/src/job.rs","shiori-host32-host","src","127","43","84","1","0","0","0","0","tests:85-127(43)","",""
"crates/shiori-host32-host/src/lib.rs","shiori-host32-host","src","40","0","40","0","0","0","0","0","","",""
"crates/shiori-host32-host/src/lifecycle.rs","shiori-host32-host","src","548","277","271","1","0","0","0","0","tests:272-548(277)","",""
"crates/shiori-host32-host/src/parent_window.rs","shiori-host32-host","src","649","265","384","3","0","2","0","0","classify_tests:383-478(96)|gate_tests:480-511(32)|window_tests:513-649(137)","","344|350"
"crates/shiori-host32-host/src/process_host.rs","shiori-host32-host","src","585","274","311","1","0","0","0","0","tests:312-585(274)","",""
"crates/shiori-host32-host/src/shiori3.rs","shiori-host32-host","src","567","330","237","1","0","0","0","0","tests:238-567(330)","",""
"crates/shiori-host32-host/tests/error_paths.rs","shiori-host32-host","tests","353","0","353","0","0","0","0","0","","",""
"crates/shiori-host32-host/tests/lifecycle_cyclic_e2e.rs","shiori-host32-host","tests","414","0","414","0","0","0","0","0","","",""
"crates/shiori-host32-host/tests/lifecycle_kill_e2e.rs","shiori-host32-host","tests","341","0","341","0","0","0","0","0","","",""
"crates/shiori-host32-host/tests/shiori_load_e2e.rs","shiori-host32-host","tests","328","0","328","0","0","0","0","0","","",""
"crates/shiori-host32-host/tests/shiori_request_e2e.rs","shiori-host32-host","tests","359","0","359","0","0","0","0","0","","",""
"crates/shiori-host32-ipc/src/lib.rs","shiori-host32-ipc","src","498","155","343","2","0","0","0","0","slot_error_tests:343-404(62)|framing_tests:406-498(93)","",""
"crates/shiori-host32-testdll/src/lib.rs","shiori-host32-testdll","src","335","125","210","1","0","0","0","0","tests:211-335(125)","",""
"crates/shiori4-testdll/src/lib.rs","shiori4-testdll","src","492","269","223","1","0","0","0","0","tests:224-492(269)","",""
"crates/shiori4-testdll/src/request.rs","shiori4-testdll","src","302","145","157","1","0","0","0","0","tests:158-302(145)","",""
"crates/shiori4-testdll/src/snapshot.rs","shiori4-testdll","src","249","145","104","1","0","0","0","0","tests:105-249(145)","",""
"crates/wintf/examples/clip_demo.rs","wintf","examples","340","0","340","0","0","0","0","0","","",""
"crates/wintf/examples/dcomp_demo.rs","wintf","examples","210","0","210","0","0","0","0","0","","",""
"crates/wintf/examples/dcomp_taffy_demo.rs","wintf","examples","348","0","348","0","0","0","0","0","","",""
"crates/wintf/examples/generate_test_image.rs","wintf","examples","88","0","88","0","0","0","0","0","","",""
"crates/wintf/examples/graphics_reinit_test.rs","wintf","examples","217","0","217","0","0","0","0","0","","",""
"crates/wintf/examples/multi_window_test.rs","wintf","examples","105","0","105","0","0","0","0","0","","",""
"crates/wintf/examples/postmessage_click_test.rs","wintf","examples","273","0","273","0","0","0","0","0","","",""
"crates/wintf/examples/split_image.rs","wintf","examples","42","0","42","0","0","0","0","0","","",""
"crates/wintf/examples/taffy_flex_demo/diagnostics.rs","wintf","examples","547","0","547","0","0","0","0","0","","",""
"crates/wintf/examples/taffy_flex_demo/drag.rs","wintf","examples","186","0","186","0","0","0","0","0","","",""
"crates/wintf/examples/taffy_flex_demo/handlers.rs","wintf","examples","403","0","403","0","0","0","0","0","","",""
"crates/wintf/examples/taffy_flex_demo/main.rs","wintf","examples","340","0","340","0","0","0","0","0","","",""
"crates/wintf/examples/taffy_flex_demo/region.rs","wintf","examples","177","0","177","0","0","0","0","0","","",""
"crates/wintf/examples/taffy_flex_demo/setup.rs","wintf","examples","585","0","585","0","0","0","0","0","","",""
"crates/wintf/examples/typewriter_demo.rs","wintf","examples","442","0","442","0","0","0","0","0","","",""
"crates/wintf/examples/wuc_spike.rs","wintf","examples","289","0","289","0","0","0","0","0","","",""
"crates/wintf/src/api.rs","wintf","src","80","43","37","1","0","0","0","0","tests:38-80(43)","",""
"crates/wintf/src/com/animation.rs","wintf","src","182","0","182","0","0","0","0","0","","",""
"crates/wintf/src/com/d2d/command_sink.rs","wintf","src","455","0","455","0","0","0","0","0","","",""
"crates/wintf/src/com/d2d/command_types.rs","wintf","src","584","0","584","0","0","0","0","0","","",""
"crates/wintf/src/com/d2d/mod.rs","wintf","src","313","0","313","0","0","0","0","0","","",""
"crates/wintf/src/com/d3d11.rs","wintf","src","78","0","78","0","0","0","0","0","","",""
"crates/wintf/src/com/dwrite.rs","wintf","src","211","0","211","0","0","0","0","0","","",""
"crates/wintf/src/com/dxgi.rs","wintf","src","102","36","66","1","0","0","0","0","tests:67-102(36)","",""
"crates/wintf/src/com/mod.rs","wintf","src","7","0","7","0","0","0","0","0","","",""
"crates/wintf/src/com/wic.rs","wintf","src","217","0","217","0","0","0","0","0","","",""
"crates/wintf/src/com/wuc.rs","wintf","src","422","195","227","1","0","0","0","0","tests:228-422(195)","",""
"crates/wintf/src/ecs/app.rs","wintf","src","179","106","73","1","0","0","0","0","tests:74-179(106)","",""
"crates/wintf/src/ecs/clickthrough/controller.rs","wintf","src","1092","637","455","1","0","0","0","0","tests:456-1092(637)","",""
"crates/wintf/src/ecs/clickthrough/mod.rs","wintf","src","29","0","29","0","0","0","0","0","","",""
"crates/wintf/src/ecs/clickthrough/monitor.rs","wintf","src","269","91","178","1","0","0","0","0","tests:179-269(91)","",""
"crates/wintf/src/ecs/clickthrough/registry.rs","wintf","src","265","117","148","1","0","0","0","0","tests:149-265(117)","",""
"crates/wintf/src/ecs/common/mod.rs","wintf","src","85","0","85","0","0","0","0","0","","",""
"crates/wintf/src/ecs/common/tree_iter.rs","wintf","src","329","214","115","1","0","0","0","0","tests:116-329(214)","",""
"crates/wintf/src/ecs/common/tree_system.rs","wintf","src","370","0","370","0","0","0","0","0","","",""
"crates/wintf/src/ecs/dola/mod.rs","wintf","src","458","300","158","1","0","0","0","0","tests:159-458(300)","",""
"crates/wintf/src/ecs/drag/accumulator.rs","wintf","src","317","151","166","1","0","0","0","0","tests:167-317(151)","",""
"crates/wintf/src/ecs/drag/capture_guard.rs","wintf","src","104","31","73","1","0","0","0","0","tests:74-104(31)","",""
"crates/wintf/src/ecs/drag/context.rs","wintf","src","178","93","85","1","0","0","0","0","tests:86-178(93)","",""
"crates/wintf/src/ecs/drag/dispatch.rs","wintf","src","382","0","382","0","0","0","0","0","","",""
"crates/wintf/src/ecs/drag/mod.rs","wintf","src","190","77","113","1","0","0","0","0","tests:114-190(77)","",""
"crates/wintf/src/ecs/drag/state/mod.rs","wintf","src","540","0","540","0","1","0","0","0","","tests@539",""
"crates/wintf/src/ecs/drag/state/tests.rs","wintf","src","499","0","499","0","0","0","0","0","","",""
"crates/wintf/src/ecs/drag/systems.rs","wintf","src","27","0","27","0","0","0","0","0","","",""
"crates/wintf/src/ecs/graphics/clip.rs","wintf","src","188","108","80","1","0","0","0","0","tests:81-188(108)","",""
"crates/wintf/src/ecs/graphics/command_list.rs","wintf","src","35","0","35","0","0","0","0","0","","",""
"crates/wintf/src/ecs/graphics/components.rs","wintf","src","317","0","317","0","0","0","0","0","","",""
"crates/wintf/src/ecs/graphics/core.rs","wintf","src","147","0","147","0","0","0","0","0","","",""
"crates/wintf/src/ecs/graphics/mod.rs","wintf","src","20","0","20","0","1","0","0","0","","tests@19",""
"crates/wintf/src/ecs/graphics/systems/brushes.rs","wintf","src","111","0","111","0","0","0","0","0","","",""
"crates/wintf/src/ecs/graphics/systems/clip_sync.rs","wintf","src","207","0","207","0","0","0","0","0","","",""
"crates/wintf/src/ecs/graphics/systems/init.rs","wintf","src","315","0","315","0","0","0","0","0","","",""
"crates/wintf/src/ecs/graphics/systems/mod.rs","wintf","src","15","0","15","0","0","0","0","0","","",""
"crates/wintf/src/ecs/graphics/systems/render.rs","wintf","src","156","0","156","0","0","0","0","0","","",""
"crates/wintf/src/ecs/graphics/systems/surface.rs","wintf","src","319","0","319","0","0","0","0","0","","",""
"crates/wintf/src/ecs/graphics/systems/visual_sync.rs","wintf","src","278","0","278","0","0","0","0","0","","",""
"crates/wintf/src/ecs/graphics/systems/window_pos.rs","wintf","src","145","0","145","0","0","0","0","0","","",""
"crates/wintf/src/ecs/graphics/tests.rs","wintf","src","145","127","18","3","0","0","0","0","graphics_core_tests:12-103(92)|has_graphics_resources_tests:109-126(18)|surface_graphics_dirty_tests:129-145(17)","",""
"crates/wintf/src/ecs/graphics/visual_manager.rs","wintf","src","146","0","146","0","0","0","0","0","","",""
"crates/wintf/src/ecs/graphics/visual.rs","wintf","src","153","0","153","0","0","0","0","0","","",""
"crates/wintf/src/ecs/graphics/wuc_resource.rs","wintf","src","212","58","154","1","0","0","0","0","tests:155-212(58)","",""
"crates/wintf/src/ecs/layout/arrangement.rs","wintf","src","234","0","234","0","0","0","0","0","","",""
"crates/wintf/src/ecs/layout/box_style.rs","wintf","src","251","0","251","0","0","0","0","0","","",""
"crates/wintf/src/ecs/layout/dimension.rs","wintf","src","282","0","282","0","0","0","0","0","","",""
"crates/wintf/src/ecs/layout/hit_region/mod.rs","wintf","src","513","0","513","0","1","0","0","0","","tests@512",""
"crates/wintf/src/ecs/layout/hit_region/tests/color_map.rs","wintf","src","303","0","303","0","0","0","0","0","","",""
"crates/wintf/src/ecs/layout/hit_region/tests/mod.rs","wintf","src","10","0","10","0","0","0","0","0","","",""
"crates/wintf/src/ecs/layout/hit_region/tests/polygon.rs","wintf","src","180","0","180","0","0","0","0","0","","",""
"crates/wintf/src/ecs/layout/hit_region/tests/shapes.rs","wintf","src","261","0","261","0","0","0","0","0","","",""
"crates/wintf/src/ecs/layout/hit_test/mod.rs","wintf","src","607","0","607","0","2","0","0","0","","tests@603|tests_ex@606",""
"crates/wintf/src/ecs/layout/hit_test/tests_ex/alpha_mask_resource.rs","wintf","src","300","0","300","0","0","0","0","0","","",""
"crates/wintf/src/ecs/layout/hit_test/tests_ex/alpha_mask.rs","wintf","src","79","0","79","0","0","0","0","0","","",""
"crates/wintf/src/ecs/layout/hit_test/tests_ex/entity_ex.rs","wintf","src","208","0","208","0","0","0","0","0","","",""
"crates/wintf/src/ecs/layout/hit_test/tests_ex/mod.rs","wintf","src","22","0","22","0","0","0","0","0","","",""
"crates/wintf/src/ecs/layout/hit_test/tests_ex/opacity.rs","wintf","src","200","0","200","0","0","0","0","0","","",""
"crates/wintf/src/ecs/layout/hit_test/tests_ex/tree_ex.rs","wintf","src","193","0","193","0","0","0","0","0","","",""
"crates/wintf/src/ecs/layout/hit_test/tests.rs","wintf","src","333","0","333","0","0","0","0","0","","",""
"crates/wintf/src/ecs/layout/metrics.rs","wintf","src","92","0","92","0","0","0","0","0","","",""
"crates/wintf/src/ecs/layout/mod.rs","wintf","src","136","0","136","0","0","0","0","0","","",""
"crates/wintf/src/ecs/layout/rect.rs","wintf","src","208","0","208","0","0","0","0","0","","",""
"crates/wintf/src/ecs/layout/systems/arrangement_systems.rs","wintf","src","87","0","87","0","0","0","0","0","","",""
"crates/wintf/src/ecs/layout/systems/mod.rs","wintf","src","16","0","16","0","0","0","0","0","","",""
"crates/wintf/src/ecs/layout/systems/monitor_systems.rs","wintf","src","1050","569","481","1","0","0","0","0","tests:482-1050(569)","",""
"crates/wintf/src/ecs/layout/systems/taffy_systems.rs","wintf","src","303","0","303","0","0","0","0","0","","",""
"crates/wintf/src/ecs/layout/systems/window_pos_systems.rs","wintf","src","170","0","170","0","0","0","0","0","","",""
"crates/wintf/src/ecs/layout/taffy.rs","wintf","src","126","0","126","0","0","0","0","0","","",""
"crates/wintf/src/ecs/mod.rs","wintf","src","56","0","56","0","1","0","0","0","","test_support@9",""
"crates/wintf/src/ecs/pointer/buffers.rs","wintf","src","491","255","236","1","0","0","0","0","tests:237-491(255)","",""
"crates/wintf/src/ecs/pointer/dispatch/mod.rs","wintf","src","260","0","260","0","1","0","0","0","","tests@259",""
"crates/wintf/src/ecs/pointer/dispatch/tests.rs","wintf","src","355","0","355","0","0","0","0","0","","",""
"crates/wintf/src/ecs/pointer/mod.rs","wintf","src","33","0","33","0","0","0","0","0","","",""
"crates/wintf/src/ecs/pointer/nchittest_cache.rs","wintf","src","309","123","186","1","0","0","0","0","tests:187-309(123)","",""
"crates/wintf/src/ecs/pointer/systems.rs","wintf","src","176","68","108","1","0","0","0","0","tests:109-176(68)","",""
"crates/wintf/src/ecs/pointer/types/mod.rs","wintf","src","372","0","372","0","1","0","0","0","","tests@371",""
"crates/wintf/src/ecs/pointer/types/tests.rs","wintf","src","319","0","319","0","0","0","0","0","","",""
"crates/wintf/src/ecs/test_support.rs","wintf","src","115","0","115","0","0","0","0","0","","",""
"crates/wintf/src/ecs/types.rs","wintf","src","470","188","282","1","0","0","0","0","tests:283-470(188)","",""
"crates/wintf/src/ecs/widget/bitmap_source/alpha_mask.rs","wintf","src","367","260","107","1","0","0","0","0","tests:108-367(260)","",""
"crates/wintf/src/ecs/widget/bitmap_source/bitmap_source.rs","wintf","src","147","0","147","0","0","0","0","0","","",""
"crates/wintf/src/ecs/widget/bitmap_source/mod.rs","wintf","src","21","0","21","0","1","0","0","0","","tests@20",""
"crates/wintf/src/ecs/widget/bitmap_source/resource.rs","wintf","src","115","0","115","0","0","0","0","0","","",""
"crates/wintf/src/ecs/widget/bitmap_source/systems.rs","wintf","src","385","0","385","0","0","1","0","0","","","48"
"crates/wintf/src/ecs/widget/bitmap_source/task_pool.rs","wintf","src","108","0","108","0","0","2","0","0","","","90|96"
"crates/wintf/src/ecs/widget/bitmap_source/tests.rs","wintf","src","227","0","227","0","0","0","0","0","","",""
"crates/wintf/src/ecs/widget/bitmap_source/wic_core.rs","wintf","src","85","0","85","0","0","0","0","0","","",""
"crates/wintf/src/ecs/widget/brushes.rs","wintf","src","402","240","162","1","0","0","0","0","tests:163-402(240)","",""
"crates/wintf/src/ecs/widget/mod.rs","wintf","src","16","0","16","0","0","0","0","0","","",""
"crates/wintf/src/ecs/widget/shapes/mod.rs","wintf","src","2","0","2","0","0","0","0","0","","",""
"crates/wintf/src/ecs/widget/shapes/rectangle.rs","wintf","src","360","69","291","1","0","0","0","0","tests:292-360(69)","",""
"crates/wintf/src/ecs/widget/text/draw_labels.rs","wintf","src","232","0","232","0","0","0","0","0","","",""
"crates/wintf/src/ecs/widget/text/label.rs","wintf","src","118","0","118","0","0","0","0","0","","",""
"crates/wintf/src/ecs/widget/text/mod.rs","wintf","src","17","0","17","0","0","0","0","0","","",""
"crates/wintf/src/ecs/widget/text/typewriter_draw.rs","wintf","src","377","0","377","0","0","0","0","0","","",""
"crates/wintf/src/ecs/widget/text/typewriter_ir.rs","wintf","src","247","124","123","1","0","0","0","0","tests:124-247(124)","",""
"crates/wintf/src/ecs/widget/text/typewriter_layout.rs","wintf","src","241","0","241","0","0","0","0","0","","",""
"crates/wintf/src/ecs/widget/text/typewriter/mod.rs","wintf","src","338","0","338","0","1","0","0","0","","tests@337",""
"crates/wintf/src/ecs/widget/text/typewriter/tests.rs","wintf","src","263","0","263","0","0","0","0","0","","",""
"crates/wintf/src/ecs/window_proc/dpi_helpers.rs","wintf","src","746","598","148","1","0","0","0","0","tests:149-746(598)","",""
"crates/wintf/src/ecs/window_proc/keyboard.rs","wintf","src","242","0","242","0","0","0","0","0","","",""
"crates/wintf/src/ecs/window_proc/lifecycle.rs","wintf","src","375","236","139","1","0","0","0","0","tests:140-375(236)","",""
"crates/wintf/src/ecs/window_proc/mod.rs","wintf","src","257","182","75","1","0","0","0","0","tests:76-257(182)","",""
"crates/wintf/src/ecs/window_proc/mouse_click.rs","wintf","src","563","93","470","1","0","0","0","0","tests:471-563(93)","",""
"crates/wintf/src/ecs/window_proc/mouse_dblclick_wheel.rs","wintf","src","234","0","234","0","0","0","0","0","","",""
"crates/wintf/src/ecs/window_proc/mouse_move.rs","wintf","src","604","96","508","1","0","0","0","0","tests:509-604(96)","",""
"crates/wintf/src/ecs/window_proc/window_pos.rs","wintf","src","1160","716","444","1","0","0","0","0","tests:445-1160(716)","",""
"crates/wintf/src/ecs/window/command.rs","wintf","src","307","59","248","1","0","0","0","0","tests:249-307(59)","",""
"crates/wintf/src/ecs/window/components.rs","wintf","src","322","112","210","1","0","0","0","0","tests:211-322(112)","",""
"crates/wintf/src/ecs/window/dpi.rs","wintf","src","247","92","155","1","0","0","0","0","tests:156-247(92)","",""
"crates/wintf/src/ecs/window/mod.rs","wintf","src","13","0","13","0","0","0","0","0","","",""
"crates/wintf/src/ecs/window/monitor.rs","wintf","src","415","155","260","1","0","0","0","0","tests:261-415(155)","",""
"crates/wintf/src/ecs/window/window_handle.rs","wintf","src","298","15","283","1","0","0","0","0","tests:284-298(15)","",""
"crates/wintf/src/ecs/window/window_pos/mod.rs","wintf","src","452","0","452","0","1","0","0","0","","tests@451",""
"crates/wintf/src/ecs/window/window_pos/tests.rs","wintf","src","267","0","267","0","0","0","0","0","","",""
"crates/wintf/src/ecs/window/window_system.rs","wintf","src","89","34","55","1","0","0","0","0","tests:56-89(34)","",""
"crates/wintf/src/ecs/world/mod.rs","wintf","src","714","123","591","1","0","0","0","0","tick_order_tests:586-708(123)","",""
"crates/wintf/src/ecs/world/schedule_labels.rs","wintf","src","205","92","113","1","0","0","0","0","tests:114-205(92)","",""
"crates/wintf/src/ecs/world/vsync.rs","wintf","src","155","0","155","0","0","0","0","0","","",""
"crates/wintf/src/lib.rs","wintf","src","12","0","12","0","0","0","0","0","","",""
"crates/wintf/src/runtime/message_loop.rs","wintf","src","197","66","131","1","0","0","0","0","tests:132-197(66)","",""
"crates/wintf/src/runtime/mod.rs","wintf","src","592","239","353","1","0","0","0","0","tests:354-592(239)","",""
"crates/wintf/src/runtime/tick_bridge.rs","wintf","src","313","82","231","1","0","0","0","0","tests:232-313(82)","",""
"crates/wintf/src/runtime/window_factory.rs","wintf","src","492","221","271","1","0","0","0","0","tests:272-492(221)","",""
"crates/wintf/src/runtime/window_registry.rs","wintf","src","255","114","141","1","0","1","0","0","tests:142-255(114)","","98"
"crates/wintf/src/runtime/wndproc_bridge.rs","wintf","src","176","90","86","1","0","0","0","0","tests:87-176(90)","",""
"crates/wintf/src/win_state.rs","wintf","src","191","82","109","1","0","0","0","0","tests:110-191(82)","",""
"crates/wintf/src/win_style.rs","wintf","src","828","381","447","1","0","0","0","0","tests:448-828(381)","",""
"crates/wintf/tests/com.rs","wintf","tests","17","0","17","0","0","0","0","0","","",""
"crates/wintf/tests/com/animation_test.rs","wintf","tests","150","0","150","0","0","0","0","0","","",""
"crates/wintf/tests/com/command_sink_test.rs","wintf","tests","157","0","157","0","0","0","0","0","","",""
"crates/wintf/tests/com/command_types_test.rs","wintf","tests","167","0","167","0","0","0","0","0","","",""
"crates/wintf/tests/com/common/mod.rs","wintf","tests","28","0","28","0","0","0","0","0","","",""
"crates/wintf/tests/com/d2d_ext_test.rs","wintf","tests","366","0","366","0","0","0","0","0","","",""
"crates/wintf/tests/com/d3d11_test.rs","wintf","tests","136","0","136","0","0","0","0","0","","",""
"crates/wintf/tests/com/dwrite_test.rs","wintf","tests","186","0","186","0","0","0","0","0","","",""
"crates/wintf/tests/com/wic_test.rs","wintf","tests","195","0","195","0","0","0","0","0","","",""
"crates/wintf/tests/drag.rs","wintf","tests","7","0","7","0","0","0","0","0","","",""
"crates/wintf/tests/drag/capture_guard_panic_safety_test.rs","wintf","tests","104","0","104","0","0","0","0","0","","",""
"crates/wintf/tests/drag/dispatch_test.rs","wintf","tests","413","0","413","0","0","0","0","0","","",""
"crates/wintf/tests/drag/window_dragging_filter_test.rs","wintf","tests","456","0","456","0","0","0","0","0","","",""
"crates/wintf/tests/ecs.rs","wintf","tests","14","0","14","0","0","0","0","0","","",""
"crates/wintf/tests/ecs/component_state_pattern_test.rs","wintf","tests","390","0","390","0","0","0","0","0","","",""
"crates/wintf/tests/ecs/dola_animator_test.rs","wintf","tests","160","0","160","0","0","0","0","0","","",""
"crates/wintf/tests/ecs/lazy_reinit_pattern_test.rs","wintf","tests","408","0","408","0","0","0","0","0","","",""
"crates/wintf/tests/ecs/resource_removal_detection_test.rs","wintf","tests","339","0","339","0","0","0","0","0","","",""
"crates/wintf/tests/ecs/tree_propagation_test.rs","wintf","tests","475","0","475","0","0","0","0","0","","",""
"crates/wintf/tests/ecs/world_lifecycle_test.rs","wintf","tests","166","0","166","0","0","0","0","0","","",""
"crates/wintf/tests/graphics.rs","wintf","tests","35","0","35","0","0","0","0","0","","",""
"crates/wintf/tests/graphics/brushes_system_test.rs","wintf","tests","243","0","243","0","0","0","0","0","","",""
"crates/wintf/tests/graphics/clip_sync_system_test.rs","wintf","tests","185","0","185","0","0","0","0","0","","",""
"crates/wintf/tests/graphics/command_list_test.rs","wintf","tests","62","0","62","0","0","0","0","0","","",""
"crates/wintf/tests/graphics/common/mod.rs","wintf","tests","144","0","144","0","0","0","0","0","","",""
"crates/wintf/tests/graphics/components_test.rs","wintf","tests","267","0","267","0","0","0","0","0","","",""
"crates/wintf/tests/graphics/core_accessor_test.rs","wintf","tests","37","0","37","0","0","0","0","0","","",""
"crates/wintf/tests/graphics/core_ecs_test.rs","wintf","tests","261","0","261","0","0","0","0","0","","",""
"crates/wintf/tests/graphics/core_test.rs","wintf","tests","88","0","88","0","0","0","0","0","","",""
"crates/wintf/tests/graphics/dcomp_integration_test.rs","wintf","tests","119","0","119","0","0","0","0","0","","",""
"crates/wintf/tests/graphics/frame_time_test.rs","wintf","tests","59","0","59","0","0","0","0","0","","",""
"crates/wintf/tests/graphics/init_window_graphics_test.rs","wintf","tests","115","0","115","0","0","0","0","0","","",""
"crates/wintf/tests/graphics/reinit_unit_test.rs","wintf","tests","164","0","164","0","0","0","0","0","","",""
"crates/wintf/tests/graphics/surface_optimization_test.rs","wintf","tests","290","0","290","0","0","0","0","0","","",""
"crates/wintf/tests/graphics/surface_pixel_equivalence_test.rs","wintf","tests","392","0","392","0","0","0","0","0","","",""
"crates/wintf/tests/graphics/surface_systems_test.rs","wintf","tests","365","0","365","0","0","0","0","0","","",""
"crates/wintf/tests/graphics/window_pos_systems_test.rs","wintf","tests","266","0","266","0","0","0","0","0","","",""
"crates/wintf/tests/graphics/wuc_restart_regression_test.rs","wintf","tests","80","0","80","0","0","0","0","0","","",""
"crates/wintf/tests/layout.rs","wintf","tests","31","0","31","0","0","0","0","0","","",""
"crates/wintf/tests/layout/arrangement_bounds_test/arrangement.rs","wintf","tests","279","0","279","0","0","0","0","0","","",""
"crates/wintf/tests/layout/arrangement_bounds_test/mod.rs","wintf","tests","17","0","17","0","0","0","0","0","","",""
"crates/wintf/tests/layout/arrangement_bounds_test/rect_ext.rs","wintf","tests","332","0","332","0","0","0","0","0","","",""
"crates/wintf/tests/layout/box_style_consolidation_test.rs","wintf","tests","396","0","396","0","0","0","0","0","","",""
"crates/wintf/tests/layout/boxstyle_coordinate_separation_test/boxstyle_inset.rs","wintf","tests","107","0","107","0","0","0","0","0","","",""
"crates/wintf/tests/layout/boxstyle_coordinate_separation_test/changed_timing.rs","wintf","tests","142","0","142","0","0","0","0","0","","",""
"crates/wintf/tests/layout/boxstyle_coordinate_separation_test/drag_lifecycle.rs","wintf","tests","369","0","369","0","0","0","0","0","","",""
"crates/wintf/tests/layout/boxstyle_coordinate_separation_test/mod.rs","wintf","tests","15","0","15","0","0","0","0","0","","",""
"crates/wintf/tests/layout/boxstyle_coordinate_separation_test/window_sync.rs","wintf","tests","133","0","133","0","0","0","0","0","","",""
"crates/wintf/tests/layout/client_area_positioning_test.rs","wintf","tests","179","0","179","0","0","0","0","0","","",""
"crates/wintf/tests/layout/component_conversion_test.rs","wintf","tests","310","0","310","0","0","0","0","0","","",""
"crates/wintf/tests/layout/component_hooks_test.rs","wintf","tests","89","0","89","0","0","0","0","0","","",""
"crates/wintf/tests/layout/dimension_conversion_test.rs","wintf","tests","186","0","186","0","0","0","0","0","","",""
"crates/wintf/tests/layout/feedback_loop_convergence_test.rs","wintf","tests","504","0","504","0","0","0","0","0","","",""
"crates/wintf/tests/layout/graphics_sync_test.rs","wintf","tests","260","0","260","0","0","0","0","0","","",""
"crates/wintf/tests/layout/hierarchical_bounds_test.rs","wintf","tests","309","0","309","0","0","0","0","0","","",""
"crates/wintf/tests/layout/metrics_test.rs","wintf","tests","122","0","122","0","0","0","0","0","","",""
"crates/wintf/tests/layout/taffy_advanced_test/boundary_scenarios.rs","wintf","tests","256","0","256","0","0","0","0","0","","",""
"crates/wintf/tests/layout/taffy_advanced_test/layout_conversion.rs","wintf","tests","92","0","92","0","0","0","0","0","","",""
"crates/wintf/tests/layout/taffy_advanced_test/mapping_management.rs","wintf","tests","78","0","78","0","0","0","0","0","","",""
"crates/wintf/tests/layout/taffy_advanced_test/mod.rs","wintf","tests","9","0","9","0","0","0","0","0","","",""
"crates/wintf/tests/layout/taffy_advanced_test/tree_sync.rs","wintf","tests","370","0","370","0","0","0","0","0","","",""
"crates/wintf/tests/layout/taffy_child_order_test.rs","wintf","tests","281","0","281","0","0","0","0","0","","",""
"crates/wintf/tests/layout/taffy_flex_layout_pure_test.rs","wintf","tests","326","0","326","0","0","0","0","0","","",""
"crates/wintf/tests/layout/taffy_layout_integration_test/box_components.rs","wintf","tests","147","0","147","0","0","0","0","0","","",""
"crates/wintf/tests/layout/taffy_layout_integration_test/mod.rs","wintf","tests","18","0","18","0","0","0","0","0","","",""
"crates/wintf/tests/layout/taffy_layout_integration_test/unit_integration.rs","wintf","tests","433","0","433","0","0","0","0","0","","",""
"crates/wintf/tests/layout/taffy_layout_integration_test/wrapper_types.rs","wintf","tests","89","0","89","0","0","0","0","0","","",""
"crates/wintf/tests/visual.rs","wintf","tests","25","0","25","0","0","0","0","0","","",""
"crates/wintf/tests/visual/child_order_test.rs","wintf","tests","229","0","229","0","0","0","0","0","","",""
"crates/wintf/tests/visual/common/mod.rs","wintf","tests","68","0","68","0","0","0","0","0","","",""
"crates/wintf/tests/visual/component_test.rs","wintf","tests","183","0","183","0","0","0","0","0","","",""
"crates/wintf/tests/visual/graphics_auto_creation_test.rs","wintf","tests","202","0","202","0","0","0","0","0","","",""
"crates/wintf/tests/visual/hierarchy_reparent_gap_test.rs","wintf","tests","170","0","170","0","0","0","0","0","","",""
"crates/wintf/tests/visual/hierarchy_sync_test.rs","wintf","tests","220","0","220","0","0","0","0","0","","",""
"crates/wintf/tests/visual/insert_visual_test.rs","wintf","tests","112","0","112","0","0","0","0","0","","",""
"crates/wintf/tests/visual/parent_visual_test.rs","wintf","tests","160","0","160","0","0","0","0","0","","",""
"crates/wintf/tests/visual/property_sync_test.rs","wintf","tests","118","0","118","0","0","0","0","0","","",""
"crates/wintf/tests/visual/remove_visual_api_test.rs","wintf","tests","132","0","132","0","0","0","0","0","","",""
"crates/wintf/tests/visual/resource_management_gap_test.rs","wintf","tests","66","0","66","0","0","0","0","0","","",""
"crates/wintf/tests/visual/widget_visual_auto_insert_test.rs","wintf","tests","88","0","88","0","0","0","0","0","","",""
"crates/wintf/tests/widget.rs","wintf","tests","7","0","7","0","0","0","0","0","","",""
"crates/wintf/tests/widget/bitmap_source_integration_test.rs","wintf","tests","242","0","242","0","0","0","0","0","","",""
"crates/wintf/tests/widget/entity_name_format_test.rs","wintf","tests","54","0","54","0","0","0","0","0","","",""
"crates/wintf/tests/widget/vertical_text_layout_test.rs","wintf","tests","54","54","0","1","0","0","0","0","tests:1-54(54)","",""
"crates/wintf/tests/win_app.rs","wintf","tests","30","0","30","0","0","0","0","0","","",""
"crates/wintf/tests/window.rs","wintf","tests","7","0","7","0","0","0","0","0","","",""
"crates/wintf/tests/window/monitor_hierarchy_test.rs","wintf","tests","505","0","505","0","0","0","0","0","","",""
"crates/wintf/tests/window/multiwindow_event_test.rs","wintf","tests","307","0","307","0","0","0","0","0","","",""
"crates/wintf/tests/window/owner_window_exists_test.rs","wintf","tests","77","0","77","0","0","0","0","0","","",""
