"original","base_commit","relocated_count","relocated","exit_code","verdict"
"crates/areka-emo-compose/src/fold.rs","7599c90","1","crates/areka-emo-compose/src/fold_tests.rs","0","MATCH: test fn 24=24 / helper item 17=17 / mod block 1 / files 1"
"crates/areka-emo-compose/src/plan.rs","7599c90","3","crates/areka-emo-compose/src/plan_extent_tests.rs,crates/areka-emo-compose/src/plan_ops_tests.rs,crates/areka-emo-compose/src/plan_test_support.rs","0","MATCH: test fn 40=40 / helper item 19=19 / mod block 1 / files 3"
"crates/areka-emo-compose/src/scale.rs","7599c90","3","crates/areka-emo-compose/src/scale_ratio_tests.rs,crates/areka-emo-compose/src/scale_resample_tests.rs,crates/areka-emo-compose/src/scale_test_support.rs","0","MATCH: test fn 38=38 / helper item 6=6 / mod block 1 / files 3"
"crates/areka-emo-present/src/balloon.rs","60e0b22","4","crates/areka-emo-present/src/balloon_model_tests.rs,crates/areka-emo-present/src/balloon_series_tests.rs,crates/areka-emo-present/src/balloon_target_tests.rs,crates/areka-emo-present/src/balloon_test_support.rs","0","MATCH: test fn 37=37 / helper item 23=23 / mod block 1 / files 4"
"crates/areka-emo-present/src/cache.rs","60e0b22","1","crates/areka-emo-present/src/cache_tests.rs","0","MATCH: test fn 16=16 / helper item 9=9 / mod block 1 / files 1"
"crates/areka-emo-present/src/presenter.rs","91d59e0","8","crates/areka-emo-present/src/presenter_compose_input_tests.rs,crates/areka-emo-present/src/presenter_display_tests.rs,crates/areka-emo-present/src/presenter_dpi_scale_tests.rs,crates/areka-emo-present/src/presenter_fractional_scale_tests.rs,crates/areka-emo-present/src/presenter_read_accessor_tests.rs,crates/areka-emo-present/src/presenter_refresh_and_log_tests.rs,crates/areka-emo-present/src/presenter_resize_report_tests.rs,crates/areka-emo-present/src/presenter_test_support.rs","0","MATCH: test fn 47=47 / helper item 39=39 / mod block 1 / files 8"
"crates/areka-emo-present/src/scale.rs","60e0b22","1","crates/areka-emo-present/src/scale_tests.rs","0","MATCH: test fn 18=18 / helper item 14=14 / mod block 1 / files 1"
"crates/areka-emo-text/src/actor.rs","246ddb9","6","crates/areka-emo-text/src/actor_choice_contract_tests.rs,crates/areka-emo-text/src/actor_clear_atomicity_tests.rs,crates/areka-emo-text/src/actor_runtime_frame_tests.rs,crates/areka-emo-text/src/actor_scale_refresh_tests.rs,crates/areka-emo-text/src/actor_test_support.rs,crates/areka-emo-text/src/actor_tests.rs","0","MATCH: test fn 33=33 / helper item 14=14 / mod block 2 / files 6"
"crates/areka-emo-text/src/choice.rs","246ddb9","3","crates/areka-emo-text/src/choice_decorate_tests.rs,crates/areka-emo-text/src/choice_style_resolve_tests.rs,crates/areka-emo-text/src/choice_tests.rs","0","MATCH: test fn 50=50 / helper item 15=15 / mod block 3 / files 3"
"crates/areka-emo-text/src/draw.rs","246ddb9","3","crates/areka-emo-text/src/draw_format_metrics_tests.rs,crates/areka-emo-text/src/draw_oracle_tests.rs,crates/areka-emo-text/src/draw_test_support.rs","0","MATCH: test fn 29=29 / helper item 19=19 / mod block 1 / files 3"
"crates/areka-emo-text/src/layout.rs","7372699","5","crates/areka-emo-text/src/layout_cursor_tests.rs,crates/areka-emo-text/src/layout_segmented_tests.rs,crates/areka-emo-text/src/layout_test_support.rs,crates/areka-emo-text/src/layout_visible_window_tests.rs,crates/areka-emo-text/src/layout_wrap_tests.rs","0","MATCH: test fn 59=59 / helper item 11=11 / mod block 1 / files 5"
"crates/areka-emo-text/src/state.rs","246ddb9","4","crates/areka-emo-text/src/state_cue_apply_tests.rs,crates/areka-emo-text/src/state_cursor_coord_parse_tests.rs,crates/areka-emo-text/src/state_reveal_tests.rs,crates/areka-emo-text/src/state_test_support.rs","0","MATCH: test fn 59=59 / helper item 9=9 / mod block 1 / files 4"
"crates/areka-emo-text/src/viewbox_draw.rs","7372699","6","crates/areka-emo-text/src/viewbox_draw_choice_hover_tests.rs,crates/areka-emo-text/src/viewbox_draw_frame_render_tests.rs,crates/areka-emo-text/src/viewbox_draw_live_diff_tests.rs,crates/areka-emo-text/src/viewbox_draw_oracle_regression_tests.rs,crates/areka-emo-text/src/viewbox_draw_png_dump_tests.rs,crates/areka-emo-text/src/viewbox_draw_test_support.rs","0","MATCH: test fn 24=24 / helper item 23=23 / mod block 1 / files 6"
"crates/areka-emo-text/src/viewbox.rs","7372699","5","crates/areka-emo-text/src/viewbox_axis_tests.rs,crates/areka-emo-text/src/viewbox_choice_marker_tests.rs,crates/areka-emo-text/src/viewbox_dirty_tests.rs,crates/areka-emo-text/src/viewbox_plan_commit_tests.rs,crates/areka-emo-text/src/viewbox_test_support.rs","0","MATCH: test fn 39=39 / helper item 19=19 / mod block 1 / files 5"
"crates/areka-ghost/src/dispatcher.rs","470164a","3","crates/areka-ghost/src/dispatcher_choice_tests.rs,crates/areka-ghost/src/dispatcher_slot_tests.rs,crates/areka-ghost/src/dispatcher_test_support.rs","0","MATCH: test fn 20=20 / helper item 16=16 / mod block 1 / files 3"
"crates/areka-ghost/src/runtime.rs","470164a","1","crates/areka-ghost/src/runtime_tests.rs","0","MATCH: test fn 16=16 / helper item 15=15 / mod block 1 / files 1"
"crates/areka-ghost/src/ticker.rs","470164a","1","crates/areka-ghost/src/ticker_tests.rs","0","MATCH: test fn 18=18 / helper item 2=2 / mod block 1 / files 1"
"crates/areka-ghost/tests/ghost/spine_e2e_test.rs","585cd5d","10","crates/areka-ghost/tests/ghost/spine_e2e_test_broadcast_relevance_partition.rs,crates/areka-ghost/tests/ghost/spine_e2e_test_global_log_probe.rs,crates/areka-ghost/tests/ghost/spine_e2e_test_s1_boot_success.rs,crates/areka-ghost/tests/ghost/spine_e2e_test_s2_connect_failure.rs,crates/areka-ghost/tests/ghost/spine_e2e_test_s3_helper_liveness_detected.rs,crates/areka-ghost/tests/ghost/spine_e2e_test_s4_close_handshake.rs,crates/areka-ghost/tests/ghost/spine_e2e_test_s5_close_deadline.rs,crates/areka-ghost/tests/ghost/spine_e2e_test_s6_full_disconnect.rs,crates/areka-ghost/tests/ghost/spine_e2e_test_s7_second_boot_record_present.rs,crates/areka-ghost/tests/ghost/spine_e2e_test_tests.rs","0","MATCH: test fn 15=15 / helper item 40=40 / mod block 10 / files 10"
"crates/areka-kanade/src/actor.rs","7c57594","1","crates/areka-kanade/src/actor_tests.rs","0","MATCH: test fn 22=22 / helper item 10=10 / mod block 1 / files 1"
"crates/areka-kanade/src/schedule/boot.rs","7c57594","3","crates/areka-kanade/src/schedule/boot_reply_branch_tests.rs,crates/areka-kanade/src/schedule/boot_sequence_tests.rs,crates/areka-kanade/src/schedule/boot_test_support.rs","0","MATCH: test fn 20=20 / helper item 13=13 / mod block 1 / files 3"
"crates/areka-kanade/src/schedule/events.rs","7c57594","1","crates/areka-kanade/src/schedule/events_tests.rs","0","MATCH: test fn 28=28 / helper item 6=6 / mod block 1 / files 1"
"crates/areka-kanade/src/schedule/mod.rs","7c57594","2","crates/areka-kanade/src/schedule/schedule_log_firing_tests.rs,crates/areka-kanade/src/schedule/schedule_tests.rs","0","MATCH: test fn 66=66 / helper item 16=16 / mod block 2 / files 2"
"crates/areka-kanade/src/schedule/steady.rs","7c57594","4","crates/areka-kanade/src/schedule/steady_choice_tests.rs,crates/areka-kanade/src/schedule/steady_choice_timeout_tests.rs,crates/areka-kanade/src/schedule/steady_flow_tests.rs,crates/areka-kanade/src/schedule/steady_test_support.rs","0","MATCH: test fn 68=68 / helper item 17=17 / mod block 1 / files 4"
"crates/areka-kanade/src/shiori/real.rs","7c57594","1","crates/areka-kanade/src/shiori/real_tests.rs","0","MATCH: test fn 17=17 / helper item 14=14 / mod block 1 / files 1"
"crates/areka-sakura/src/compile.rs","2048941","3","crates/areka-sakura/src/compile_arm_tests.rs,crates/areka-sakura/src/compile_sheet_tests.rs,crates/areka-sakura/src/compile_test_support.rs","0","MATCH: test fn 43=43 / helper item 7=7 / mod block 1 / files 3"
"crates/areka-sakura/src/drive.rs","2048941","4","crates/areka-sakura/src/drive_choice_tests.rs,crates/areka-sakura/src/drive_delivery_tests.rs,crates/areka-sakura/src/drive_lifecycle_tests.rs,crates/areka-sakura/src/drive_test_support.rs","0","MATCH: test fn 32=32 / helper item 17=17 / mod block 1 / files 4"
"crates/areka-seriko/src/actor.rs","1021ccf","3","crates/areka-seriko/src/actor_bind_loop_tests.rs,crates/areka-seriko/src/actor_dispatch_tests.rs,crates/areka-seriko/src/actor_test_support.rs","0","MATCH: test fn 34=34 / helper item 24=24 / mod block 1 / files 3"
"crates/areka-seriko/src/looper.rs","1021ccf","1","crates/areka-seriko/src/looper_tests.rs","0","MATCH: test fn 18=18 / helper item 12=12 / mod block 1 / files 1"
"crates/areka-seriko/src/state.rs","1021ccf","3","crates/areka-seriko/src/state_bind_pattern_tests.rs,crates/areka-seriko/src/state_surface_tests.rs,crates/areka-seriko/src/state_test_support.rs","0","MATCH: test fn 45=45 / helper item 3=3 / mod block 1 / files 3"
"crates/areka-sylphya/src/actor.rs","bfbdfb5","3","crates/areka-sylphya/src/actor_actor_criteria_cage.rs,crates/areka-sylphya/src/actor_actor_integration_tests.rs,crates/areka-sylphya/src/actor_tests.rs","0","MATCH: test fn 34=34 / helper item 13=13 / mod block 3 / files 3"
"crates/areka/src/emo2_boot/assets.rs","425b914","1","crates/areka/src/emo2_boot/assets_tests.rs","0","MATCH: test fn 19=19 / helper item 4=4 / mod block 1 / files 1"
"crates/areka/src/emo2_boot/frame.rs","2470ccb","9","crates/areka/src/emo2_boot/frame_attach_tests.rs,crates/areka/src/emo2_boot/frame_diag_route_tests.rs,crates/areka/src/emo2_boot/frame_dpi_reproject_none_tests.rs,crates/areka/src/emo2_boot/frame_dpi_reproject_tests.rs,crates/areka/src/emo2_boot/frame_dpi_tests.rs,crates/areka/src/emo2_boot/frame_drain_text_tests.rs,crates/areka/src/emo2_boot/frame_resnap_tests.rs,crates/areka/src/emo2_boot/frame_test_support.rs,crates/areka/src/emo2_boot/frame_text_scale_tests.rs","0","MATCH: test fn 56=56 / helper item 56=56 / mod block 1 / files 9"
"crates/areka/src/emo2_boot/move_cue.rs","425b914","4","crates/areka/src/emo2_boot/move_cue_apply_move_tests.rs,crates/areka/src/emo2_boot/move_cue_move_severity_log_tests.rs,crates/areka/src/emo2_boot/move_cue_move_sink_tests.rs,crates/areka/src/emo2_boot/move_cue_tests.rs","0","MATCH: test fn 32=32 / helper item 15=15 / mod block 4 / files 4"
"crates/areka/src/input_events/balloon.rs","7d4c40a","6","crates/areka/src/input_events/balloon_leave_tests.rs,crates/areka/src/input_events/balloon_pass_through_tests.rs,crates/areka/src/input_events/balloon_pointer_handler_tests.rs,crates/areka/src/input_events/balloon_pure_core_tests.rs,crates/areka/src/input_events/balloon_test_support.rs,crates/areka/src/input_events/balloon_wiring_tests.rs","0","MATCH: test fn 52=52 / helper item 27=27 / mod block 1 / files 6"
"crates/areka/src/input_events/mod.rs","425b914","1","crates/areka/src/input_events/input_events_tests.rs","0","MATCH: test fn 20=20 / helper item 4=4 / mod block 1 / files 1"
"crates/areka/src/main.rs","425b914","7","crates/areka/src/main_config_input_tests.rs,crates/areka/src/main_ghost_wiring_tests.rs,crates/areka/src/main_monitor_snapshot_seam_tests.rs,crates/areka/src/main_persist_wiring_seam_tests.rs,crates/areka/src/main_restore_seam_tests.rs,crates/areka/src/main_seam_tests.rs,crates/areka/src/main_startup_window_tests.rs","0","MATCH: test fn 32=32 / helper item 10=10 / mod block 7 / files 7"
"crates/areka/src/placement/follow.rs","f64fac1","12","crates/areka/src/placement/follow_anchor_tests.rs,crates/areka/src/placement/follow_balloon_drag_tests.rs,crates/areka/src/placement/follow_drag_end_persist_tests.rs,crates/areka/src/placement/follow_drag_tests.rs,crates/areka/src/placement/follow_resize_tests.rs,crates/areka/src/placement/follow_test_support.rs,crates/areka/src/placement/follow_visibility_balloon_wiring_tests.rs,crates/areka/src/placement/follow_visibility_char_wiring_tests.rs,crates/areka/src/placement/follow_visibility_guard_tests.rs,crates/areka/src/placement/follow_window_move_diag_tests.rs,crates/areka/src/placement/follow_window_move_tests.rs,crates/areka/src/placement/follow_work_area_tests.rs","0","MATCH: test fn 133=133 / helper item 57=57 / mod block 1 / files 12"
"crates/areka/src/placement/measure.rs","425b914","1","crates/areka/src/placement/measure_tests.rs","0","MATCH: test fn 25=25 / helper item 16=16 / mod block 1 / files 1"
"crates/areka/src/placement/mod.rs","f720244","4","crates/areka/src/placement/placement_monitor_tests.rs,crates/areka/src/placement/placement_prepare_tests.rs,crates/areka/src/placement/placement_shared_test_support.rs,crates/areka/src/placement/placement_windowposition_tests.rs","0","MATCH: test fn 28=28 / helper item 19=19 / mod block 1 / files 4"
"crates/areka/src/placement/persist.rs","f720244","3","crates/areka/src/placement/persist_entries_tests.rs,crates/areka/src/placement/persist_io_wiring_tests.rs,crates/areka/src/placement/persist_restore_tests.rs","0","MATCH: test fn 37=37 / helper item 13=13 / mod block 1 / files 3"
"crates/areka/src/placement/resolver.rs","f720244","4","crates/areka/src/placement/resolver_from_alignment_tests.rs,crates/areka/src/placement/resolver_resolve_tests.rs,crates/areka/src/placement/resolver_test_support.rs,crates/areka/src/placement/resolver_union_tests.rs","0","MATCH: test fn 30=30 / helper item 8=8 / mod block 1 / files 4"
"crates/areka/src/placement/source.rs","425b914","1","crates/areka/src/placement/source_tests.rs","0","MATCH: test fn 26=26 / helper item 4=4 / mod block 1 / files 1"
"crates/areka/src/placement/spawn.rs","f720244","5","crates/areka/src/placement/spawn_assembly_tests.rs,crates/areka/src/placement/spawn_cleanup_tests.rs,crates/areka/src/placement/spawn_clickthrough_tests.rs,crates/areka/src/placement/spawn_follow_pipeline_tests.rs,crates/areka/src/placement/spawn_test_support.rs","0","MATCH: test fn 22=22 / helper item 15=15 / mod block 1 / files 5"
"crates/dola/src/cue/command.rs","bea58b3","1","crates/dola/src/cue/command_tests.rs","0","MATCH: test fn 29=29 / helper item 1=1 / mod block 1 / files 1"
"crates/shiori-host32-helper/src/main.rs","fda59cf","4","crates/shiori-host32-helper/src/main_classify_tests.rs,crates/shiori-host32-helper/src/main_load_ack_tests.rs,crates/shiori-host32-helper/src/main_loopback_tests.rs,crates/shiori-host32-helper/src/main_resolve_param_tests.rs","0","MATCH: test fn 17=17 / helper item 1=1 / mod block 4 / files 4"
"crates/wintf/src/ecs/clickthrough/controller.rs","264bac2","1","crates/wintf/src/ecs/clickthrough/controller_tests.rs","0","MATCH: test fn 22=22 / helper item 12=12 / mod block 1 / files 1"
"crates/wintf/src/ecs/layout/systems/monitor_systems.rs","264bac2","1","crates/wintf/src/ecs/layout/systems/monitor_systems_tests.rs","0","MATCH: test fn 13=13 / helper item 11=11 / mod block 1 / files 1"
"crates/wintf/src/ecs/window_proc/dpi_helpers.rs","264bac2","1","crates/wintf/src/ecs/window_proc/dpi_helpers_tests.rs","0","MATCH: test fn 22=22 / helper item 8=8 / mod block 1 / files 1"
"crates/wintf/src/ecs/window_proc/window_pos.rs","264bac2","1","crates/wintf/src/ecs/window_proc/window_pos_tests.rs","0","MATCH: test fn 18=18 / helper item 16=16 / mod block 1 / files 1"
